created_at,entry_id,field1,field2,field3
2023-04-10 13:40:03 UTC,1,0.00,,
2023-04-10 13:50:43 UTC,2,26.00000,16.20000,8965
2023-04-10 13:51:04 UTC,3,26.00000,16.10000,30096
2023-04-10 13:51:21 UTC,4,26.00000,16.00000,46990
2023-04-10 13:51:53 UTC,5,26.00000,16.10000,79755
2023-04-10 13:52:11 UTC,6,26.00000,15.80000,97716
2023-04-10 13:52:34 UTC,7,26.00000,15.80000,120156
2023-04-10 13:52:52 UTC,8,26.00000,16.00000,138154
2023-04-10 13:55:48 UTC,9,25.90000,16.50000,8964
2023-04-10 13:58:14 UTC,10,26.00000,15.80000,121716
2023-04-10 14:00:27 UTC,11,26.10000,16.50000,255287
2023-04-10 14:04:23 UTC,12,26.20000,15.90000,121757
2023-04-10 14:06:24 UTC,13,26.20000,15.60000,243178
2023-04-10 14:08:26 UTC,14,26.30000,15.30000,364668
2023-04-10 14:10:35 UTC,15,26.30000,15.40000,494267
2023-04-10 14:13:05 UTC,16,27.30000,16.10000,121738
2023-04-10 14:15:03 UTC,17,27.70000,14.10000,242015
2023-04-10 14:17:04 UTC,18,27.80000,14.00000,363403
2023-04-10 14:19:05 UTC,19,27.80000,14.00000,484825
2023-04-10 14:21:07 UTC,20,27.90000,13.70000,606168
2023-04-10 14:23:08 UTC,21,28.00000,13.70000,727534
2023-04-10 14:25:14 UTC,22,28.20000,13.60000,852965
2023-04-10 14:27:15 UTC,23,28.30000,13.40000,974322
2023-04-10 14:29:16 UTC,24,28.40000,13.30000,1095658
2023-04-10 14:31:18 UTC,25,28.50000,13.30000,1217003
2023-04-10 14:33:19 UTC,26,28.40000,13.20000,1338390
2023-04-10 14:35:26 UTC,27,28.20000,13.30000,1463759
2023-04-10 14:37:27 UTC,28,28.10000,13.20000,1586423
2023-04-10 14:39:28 UTC,29,28.20000,13.40000,1707768
2023-04-10 14:41:30 UTC,30,28.10000,13.30000,1829147
2023-04-10 14:43:31 UTC,31,28.00000,13.30000,1950466
2023-04-10 14:45:33 UTC,32,28.10000,13.30000,2071850
2023-04-10 14:47:38 UTC,33,28.20000,13.20000,2197249
2023-04-10 14:49:43 UTC,34,28.30000,13.20000,2322691
2023-04-10 14:51:45 UTC,35,28.20000,13.10000,2444047
2023-04-10 14:53:46 UTC,36,28.20000,13.20000,2565420
2023-04-10 14:55:47 UTC,37,28.10000,13.20000,2686729
2023-04-10 14:57:53 UTC,38,28.00000,13.30000,2812163
2023-04-10 14:59:54 UTC,39,27.80000,13.30000,2933587
2023-04-10 15:01:56 UTC,40,27.70000,13.30000,3054955
2023-04-10 15:03:57 UTC,41,27.60000,13.60000,3176367
2023-04-10 15:05:59 UTC,42,27.40000,13.60000,3297766
2023-04-10 15:08:00 UTC,43,27.10000,13.70000,3419204
2023-04-10 15:10:01 UTC,44,26.80000,13.80000,3540570
2023-04-10 15:12:03 UTC,45,26.60000,14.10000,3661926
2023-04-10 15:14:04 UTC,46,26.40000,14.20000,3783271
2023-04-10 15:16:05 UTC,47,26.30000,14.20000,3904651
2023-04-10 15:18:07 UTC,48,26.10000,14.30000,4026060
2023-04-10 15:20:08 UTC,49,26.00000,14.40000,4147517
2023-04-10 15:22:10 UTC,50,25.90000,14.30000,4268894
2023-04-10 15:24:11 UTC,51,25.70000,14.50000,4390206
2023-04-10 15:26:12 UTC,52,25.60000,14.50000,4511570
2023-04-10 15:28:14 UTC,53,25.40000,14.60000,4632996
2023-04-10 15:30:15 UTC,54,25.20000,14.70000,4754433
2023-04-10 15:32:16 UTC,55,25.00000,14.90000,4875794
2023-04-10 15:34:18 UTC,56,24.80000,15.00000,4997232
2023-04-10 15:36:19 UTC,57,24.60000,15.10000,5118623
2023-04-10 15:38:21 UTC,58,24.40000,15.30000,5239919
2023-04-10 15:40:22 UTC,59,24.10000,15.50000,5361276
2023-04-10 15:42:23 UTC,60,23.90000,15.80000,5482697
2023-04-10 15:44:25 UTC,61,23.70000,15.80000,5604034
2023-04-10 15:46:26 UTC,62,23.60000,16.10000,5725403
2023-04-10 15:48:27 UTC,63,23.40000,16.10000,5846750
2023-04-10 15:50:29 UTC,64,23.30000,16.20000,5968095
2023-04-10 15:52:30 UTC,65,23.20000,16.50000,6089437
2023-04-10 15:54:31 UTC,66,23.00000,16.50000,6210785
2023-04-10 15:56:37 UTC,67,22.90000,16.70000,6336058
2023-04-10 15:58:42 UTC,68,22.80000,16.70000,6461276
2023-04-10 16:00:43 UTC,69,22.70000,16.80000,6582534
2023-04-10 16:02:48 UTC,70,22.50000,17.00000,6707783
2023-04-10 16:04:50 UTC,71,22.40000,17.00000,6828989
2023-04-10 16:06:59 UTC,72,22.30000,17.10000,6958397
2023-04-10 16:09:00 UTC,73,22.10000,17.20000,7079640
2023-04-10 16:11:02 UTC,74,22.10000,17.30000,7200924
2023-04-10 16:13:03 UTC,75,21.90000,17.70000,7322242
2023-04-10 16:15:04 UTC,76,21.80000,17.80000,7443513
2023-04-10 16:17:06 UTC,77,21.80000,17.80000,7564768
2023-04-10 16:19:07 UTC,78,21.70000,17.70000,7686084
2023-04-10 16:21:12 UTC,79,21.60000,17.70000,7811385
2023-04-10 16:23:21 UTC,80,21.50000,17.70000,7940702
2023-04-10 16:25:23 UTC,81,21.40000,17.80000,8061990
2023-04-10 16:27:24 UTC,82,21.30000,17.70000,8183196
2023-04-10 16:29:37 UTC,83,21.20000,17.80000,8316495
2023-04-10 16:31:47 UTC,84,21.10000,17.80000,8445705
2023-04-10 16:33:48 UTC,85,21.10000,17.90000,8567001
2023-04-10 16:35:49 UTC,86,21.00000,17.90000,8688171
2023-04-10 16:37:54 UTC,87,20.90000,18.00000,8813407
2023-04-10 16:40:07 UTC,88,20.80000,18.00000,8946675
2023-04-10 16:42:13 UTC,89,20.80000,18.10000,9071919
2023-04-10 16:44:18 UTC,90,20.70000,18.20000,9197134
2023-04-10 16:46:43 UTC,91,20.60000,18.20000,9342416
2023-04-10 16:48:44 UTC,92,20.50000,18.30000,9463653
2023-04-10 16:51:06 UTC,93,20.40000,18.40000,9604875
2023-04-10 16:53:15 UTC,94,20.30000,18.40000,9734036
2023-04-10 16:55:16 UTC,95,20.20000,18.50000,9855180
2023-04-10 16:57:17 UTC,96,20.10000,18.60000,9976404
2023-04-10 16:59:26 UTC,97,20.10000,18.60000,10105652
2023-04-10 17:01:32 UTC,98,19.90000,18.70000,10230892
2023-04-10 17:03:33 UTC,99,19.90000,18.80000,10352054
2023-04-10 17:06:06 UTC,100,19.80000,18.70000,10505375
2023-04-10 17:08:11 UTC,101,19.70000,18.90000,10630601
2023-04-10 17:10:13 UTC,102,19.70000,18.90000,10751818
2023-04-10 17:12:18 UTC,103,19.60000,19.00000,10877066
2023-04-10 17:14:19 UTC,104,19.50000,19.00000,10998265
2023-04-10 17:16:24 UTC,105,19.40000,19.20000,11123535
2023-04-10 17:18:42 UTC,106,19.30000,19.10000,11260866
2023-04-10 17:20:43 UTC,107,19.30000,19.20000,11382109
2023-04-10 17:23:12 UTC,108,19.10000,19.20000,11531484
2023-04-10 17:29:11 UTC,109,19.10000,19.60000,124669
2023-04-10 17:31:12 UTC,110,19.00000,19.70000,246055
2023-04-10 17:33:13 UTC,111,18.80000,19.90000,367427
2023-04-10 17:35:15 UTC,112,18.70000,20.10000,488877
2023-04-10 17:37:16 UTC,113,18.60000,20.10000,610285
2023-04-10 17:39:17 UTC,114,18.50000,20.20000,731647
2023-04-10 17:41:19 UTC,115,18.40000,20.30000,852989
2023-04-10 17:43:20 UTC,116,18.30000,20.60000,974394
2023-04-10 17:45:22 UTC,117,18.30000,20.60000,1095777
2023-04-10 17:47:23 UTC,118,18.20000,20.70000,1217221
2023-04-10 17:49:24 UTC,119,18.10000,20.70000,1338637
2023-04-10 17:51:26 UTC,120,18.10000,20.70000,1460018
2023-04-10 17:53:27 UTC,121,18.10000,20.90000,1581464
2023-04-10 17:55:29 UTC,122,18.00000,20.90000,1702814
2023-04-10 17:57:30 UTC,123,17.90000,21.10000,1824165
2023-04-10 17:59:31 UTC,124,17.80000,21.10000,1945568
2023-04-10 18:01:33 UTC,125,17.70000,21.10000,2066912
2023-04-10 18:03:34 UTC,126,17.70000,21.20000,2188302
2023-04-10 18:05:38 UTC,127,17.70000,21.10000,2309645
2023-04-10 18:07:36 UTC,128,17.60000,21.10000,2429894
2023-04-10 18:09:37 UTC,129,17.60000,21.20000,2551277
2023-04-10 18:11:39 UTC,130,17.50000,21.20000,2672657
2023-04-10 18:13:44 UTC,131,17.40000,21.40000,2798060
2023-04-10 18:15:45 UTC,132,17.40000,21.50000,2919581
2023-04-10 18:17:47 UTC,133,17.40000,21.50000,3040957
2023-04-10 18:19:48 UTC,134,17.30000,21.60000,3162303
2023-04-10 18:21:50 UTC,135,17.30000,21.50000,3283857
2023-04-10 18:23:51 UTC,136,17.10000,21.60000,3405204
2023-04-10 18:25:52 UTC,137,17.10000,21.60000,3526583
2023-04-10 18:27:54 UTC,138,17.10000,21.60000,3647947
2023-04-10 18:30:02 UTC,139,17.10000,21.70000,3773285
2023-04-10 18:31:59 UTC,140,17.00000,21.70000,3893585
2023-04-10 18:34:01 UTC,141,16.90000,21.70000,4015416
2023-04-10 18:36:03 UTC,142,16.90000,21.80000,4136744
2023-04-10 18:38:08 UTC,143,16.90000,21.80000,4262088
2023-04-10 18:40:09 UTC,144,16.80000,21.80000,4383404
2023-04-10 18:42:11 UTC,145,16.70000,21.90000,4504723
2023-04-10 18:44:12 UTC,146,16.70000,21.90000,4626020
2023-04-10 18:46:13 UTC,147,16.70000,21.90000,4747364
2023-04-10 18:48:15 UTC,148,16.60000,22.00000,4868714
2023-04-10 18:50:16 UTC,149,16.60000,22.00000,4990029
2023-04-10 18:52:17 UTC,150,16.50000,22.10000,5111434
2023-04-10 18:54:19 UTC,151,16.50000,22.10000,5232884
2023-04-10 18:56:20 UTC,152,16.50000,22.20000,5354273
2023-04-10 18:58:21 UTC,153,16.40000,22.20000,5475641
2023-04-10 19:00:23 UTC,154,16.30000,22.20000,5597020
2023-04-10 19:02:24 UTC,155,16.30000,22.20000,5718379
2023-04-10 19:04:26 UTC,156,16.30000,22.30000,5839728
2023-04-10 19:06:27 UTC,157,16.30000,22.30000,5961073
2023-04-10 19:08:32 UTC,158,16.20000,22.30000,6086409
2023-04-10 19:10:34 UTC,159,16.20000,22.40000,6207754
2023-04-10 19:12:35 UTC,160,16.10000,22.30000,6329028
2023-04-10 19:14:36 UTC,161,16.10000,22.40000,6450329
2023-04-10 19:16:46 UTC,162,16.10000,22.50000,6579761
2023-04-10 19:18:47 UTC,163,16.00000,22.50000,6701079
2023-04-10 19:20:48 UTC,164,16.00000,22.50000,6822373
2023-04-10 19:22:50 UTC,165,15.90000,22.50000,6943753
2023-04-10 19:24:51 UTC,166,15.90000,22.50000,7065168
2023-04-10 19:26:52 UTC,167,15.90000,22.60000,7186550
2023-04-10 19:28:54 UTC,168,15.80000,22.60000,7307928
2023-04-10 19:30:55 UTC,169,15.80000,22.60000,7429236
2023-04-10 19:33:01 UTC,170,15.70000,22.50000,7554712
2023-04-10 19:35:02 UTC,171,15.70000,22.60000,7676057
2023-04-10 19:37:03 UTC,172,15.70000,22.60000,7797443
2023-04-10 19:39:05 UTC,173,15.70000,22.70000,7918757
2023-04-10 19:41:10 UTC,174,15.70000,22.70000,8044190
2023-04-10 19:43:11 UTC,175,15.60000,22.80000,8165533
2023-04-10 19:45:13 UTC,176,15.60000,22.80000,8286896
2023-04-10 19:47:14 UTC,177,15.50000,22.80000,8408226
2023-04-10 19:49:15 UTC,178,15.50000,22.80000,8529574
2023-04-10 19:51:17 UTC,179,15.50000,22.80000,8650921
2023-04-10 19:53:18 UTC,180,15.50000,23.00000,8772305
2023-04-10 19:55:19 UTC,181,15.40000,23.00000,8893651
2023-04-10 19:57:21 UTC,182,15.30000,23.10000,9015035
2023-04-10 19:59:22 UTC,183,15.30000,23.10000,9136340
2023-04-10 20:01:28 UTC,184,15.30000,23.20000,9261743
2023-04-10 20:03:29 UTC,185,15.30000,23.10000,9383145
2023-04-10 20:05:30 UTC,186,15.30000,23.30000,9504476
2023-04-10 20:07:32 UTC,187,15.20000,23.30000,9625774
2023-04-10 20:09:33 UTC,188,15.20000,23.30000,9747120
2023-04-10 20:11:35 UTC,189,15.10000,23.20000,9869080
2023-04-10 20:13:36 UTC,190,15.00000,23.30000,9990536
2023-04-10 20:15:42 UTC,191,15.00000,23.50000,10115875
2023-04-10 20:17:43 UTC,192,15.00000,23.40000,10237221
2023-04-10 20:19:44 UTC,193,14.90000,23.50000,10358563
2023-04-10 20:21:46 UTC,194,14.90000,23.50000,10479918
2023-04-10 20:23:47 UTC,195,14.90000,23.60000,10601294
2023-04-10 20:25:48 UTC,196,14.90000,23.60000,10722633
2023-04-10 20:27:50 UTC,197,14.80000,23.70000,10843982
2023-04-10 20:29:51 UTC,198,14.80000,23.60000,10965397
2023-04-10 20:31:53 UTC,199,14.80000,23.60000,11086883
2023-04-10 20:33:54 UTC,200,14.80000,23.60000,11208225
2023-04-10 20:35:55 UTC,201,14.80000,23.70000,11329637
2023-04-10 20:37:57 UTC,202,14.70000,23.60000,11450988
2023-04-10 20:39:58 UTC,203,14.70000,23.70000,11572330
2023-04-10 20:42:00 UTC,204,14.60000,23.70000,11693682
2023-04-10 20:44:05 UTC,205,14.60000,23.70000,11819137
2023-04-10 20:46:06 UTC,206,14.60000,23.80000,11940508
2023-04-10 20:48:08 UTC,207,14.50000,23.90000,12061850
2023-04-10 20:50:09 UTC,208,14.50000,24.00000,12183225
2023-04-10 20:52:10 UTC,209,14.50000,23.90000,12304539
2023-04-10 20:54:12 UTC,210,14.50000,24.00000,12425890
2023-04-10 20:56:13 UTC,211,14.40000,24.00000,12547256
2023-04-10 20:58:18 UTC,212,14.30000,24.10000,12672635
2023-04-10 21:00:20 UTC,213,14.30000,24.10000,12793975
2023-04-10 21:02:21 UTC,214,14.30000,24.20000,12915349
2023-04-10 21:04:23 UTC,215,14.30000,24.20000,13036664
2023-04-10 21:06:24 UTC,216,14.20000,24.20000,13158212
2023-04-10 21:08:25 UTC,217,14.20000,24.20000,13279506
2023-04-10 21:10:27 UTC,218,14.10000,24.20000,13400957
2023-04-10 21:12:28 UTC,219,14.20000,24.30000,13522266
2023-04-10 21:14:30 UTC,220,14.10000,24.40000,13643931
2023-04-10 21:16:35 UTC,221,14.10000,24.40000,13769374
2023-04-10 21:18:37 UTC,222,14.10000,24.40000,13891074
2023-04-10 21:20:38 UTC,223,14.10000,24.40000,14012455
2023-04-10 21:22:40 UTC,224,14.00000,24.50000,14133800
2023-04-10 21:24:41 UTC,225,14.00000,24.50000,14255141
2023-04-10 21:26:42 UTC,226,13.90000,24.50000,14376391
2023-04-10 21:28:44 UTC,227,13.90000,24.60000,14497728
2023-04-10 21:30:45 UTC,228,13.90000,24.50000,14619039
2023-04-10 21:32:46 UTC,229,13.90000,24.60000,14740421
2023-04-10 21:34:48 UTC,230,13.80000,24.60000,14861808
2023-04-10 21:36:49 UTC,231,13.80000,24.60000,14983110
2023-04-10 21:38:50 UTC,232,13.70000,24.60000,15104503
2023-04-10 21:40:52 UTC,233,13.70000,24.70000,15225801
2023-04-10 21:42:53 UTC,234,13.70000,24.70000,15347149
2023-04-10 21:44:54 UTC,235,13.70000,24.70000,15468464
2023-04-10 21:46:56 UTC,236,13.70000,24.70000,15589789
2023-04-10 21:48:57 UTC,237,13.60000,24.80000,15711111
2023-04-10 21:50:58 UTC,238,13.60000,24.80000,15832493
2023-04-10 21:53:00 UTC,239,13.60000,24.80000,15953818
2023-04-10 21:55:01 UTC,240,13.50000,24.90000,16075322
2023-04-10 21:57:02 UTC,241,13.50000,25.00000,16196641
2023-04-10 21:59:04 UTC,242,13.40000,25.10000,16317985
2023-04-10 22:01:05 UTC,243,13.30000,25.10000,16439336
2023-04-10 22:03:07 UTC,244,13.30000,25.20000,16560652
2023-04-10 22:05:12 UTC,245,13.30000,25.20000,16686159
2023-04-10 22:07:13 UTC,246,13.30000,25.20000,16807462
2023-04-10 22:09:15 UTC,247,13.20000,25.20000,16928992
2023-04-10 22:11:16 UTC,248,13.10000,25.30000,17050303
2023-04-10 22:13:18 UTC,249,13.20000,25.30000,17171674
2023-04-10 22:15:19 UTC,250,13.20000,25.40000,17293095
2023-04-10 22:17:20 UTC,251,13.10000,25.40000,17414478
2023-04-10 22:19:22 UTC,252,13.20000,25.50000,17535827
2023-04-10 22:21:23 UTC,253,13.00000,25.60000,17657147
2023-04-10 22:23:24 UTC,254,12.90000,25.70000,17778512
2023-04-10 22:25:26 UTC,255,13.00000,25.70000,17899824
2023-04-10 22:27:27 UTC,256,13.00000,25.60000,18021200
2023-04-10 22:29:28 UTC,257,13.00000,25.70000,18142502
2023-04-10 22:31:34 UTC,258,12.90000,25.80000,18267835
2023-04-10 22:33:35 UTC,259,12.90000,25.80000,18389154
2023-04-10 22:35:36 UTC,260,12.90000,25.90000,18510469
2023-04-10 22:37:42 UTC,261,12.90000,25.90000,18635837
2023-04-10 22:39:43 UTC,262,12.90000,26.00000,18757174
2023-04-10 22:41:44 UTC,263,12.90000,26.00000,18878534
2023-04-10 22:43:46 UTC,264,12.80000,26.00000,18999822
2023-04-10 22:45:47 UTC,265,12.80000,26.00000,19121155
2023-04-10 22:47:48 UTC,266,12.80000,26.00000,19242380
2023-04-10 22:49:50 UTC,267,12.80000,26.10000,19364002
2023-04-10 22:51:51 UTC,268,12.80000,26.20000,19485430
2023-04-10 22:53:53 UTC,269,12.80000,26.10000,19606792
2023-04-10 22:55:54 UTC,270,12.80000,26.20000,19728080
2023-04-10 22:57:55 UTC,271,12.80000,26.10000,19849515
2023-04-10 22:59:57 UTC,272,12.70000,26.20000,19970859
2023-04-10 23:01:58 UTC,273,12.60000,26.20000,20092173
2023-04-10 23:04:03 UTC,274,12.60000,26.20000,20217575
2023-04-10 23:06:05 UTC,275,12.60000,26.30000,20338964
2023-04-10 23:08:06 UTC,276,12.60000,26.30000,20460300
2023-04-10 23:10:12 UTC,277,12.60000,26.30000,20585712
2023-04-10 23:12:13 UTC,278,12.60000,26.30000,20706987
2023-04-10 23:14:14 UTC,279,12.60000,26.30000,20828277
2023-04-10 23:16:15 UTC,280,12.60000,26.40000,20949573
2023-04-10 23:18:17 UTC,281,12.50000,26.40000,21070889
2023-04-10 23:20:22 UTC,282,12.50000,26.40000,21196212
2023-04-10 23:22:23 UTC,283,12.50000,26.50000,21317546
2023-04-10 23:24:25 UTC,284,12.50000,26.50000,21438912
2023-04-10 23:26:26 UTC,285,12.40000,26.60000,21560223
2023-04-10 23:28:27 UTC,286,12.50000,26.60000,21681470
2023-04-10 23:30:29 UTC,287,12.40000,26.60000,21802882
2023-04-10 23:32:34 UTC,288,12.40000,26.70000,21928293
2023-04-10 23:34:40 UTC,289,12.40000,26.60000,22053661
2023-04-10 23:36:41 UTC,290,12.40000,26.60000,22175225
2023-04-10 23:38:42 UTC,291,12.40000,26.60000,22296639
2023-04-10 23:40:44 UTC,292,12.40000,26.70000,22417984
2023-04-10 23:42:45 UTC,293,12.40000,26.70000,22539346
2023-04-10 23:44:47 UTC,294,12.40000,26.80000,22660768
2023-04-10 23:46:52 UTC,295,12.40000,26.80000,22786204
2023-04-10 23:48:57 UTC,296,12.40000,26.70000,22911582
2023-04-10 23:50:59 UTC,297,12.40000,26.80000,23032905
2023-04-10 23:53:04 UTC,298,12.30000,26.70000,23158387
2023-04-10 23:55:05 UTC,299,12.30000,26.90000,23279693
2023-04-10 23:57:07 UTC,300,12.30000,26.80000,23400991
2023-04-10 23:59:08 UTC,301,12.30000,26.90000,23522375
2023-04-11 00:01:10 UTC,302,12.30000,26.90000,23643800
2023-04-11 00:03:11 UTC,303,12.30000,27.00000,23765247
2023-04-11 00:05:13 UTC,304,12.20000,27.00000,23886687
2023-04-11 00:07:14 UTC,305,12.20000,27.10000,24008099
2023-04-11 00:09:15 UTC,306,12.10000,27.20000,24129419
2023-04-11 00:11:21 UTC,307,12.10000,27.20000,24254861
2023-04-11 00:13:23 UTC,308,12.10000,27.20000,24376924
2023-04-11 00:15:24 UTC,309,12.10000,27.20000,24498262
2023-04-11 00:17:25 UTC,310,12.00000,27.20000,24619536
2023-04-11 00:19:27 UTC,311,12.00000,27.30000,24740962
2023-04-11 00:21:28 UTC,312,12.00000,27.30000,24862402
2023-04-11 00:23:30 UTC,313,12.00000,27.30000,24983755
2023-04-11 00:25:31 UTC,314,12.00000,27.30000,25105241
2023-04-11 00:27:32 UTC,315,12.00000,27.30000,25226584
2023-04-11 00:29:34 UTC,316,12.00000,27.40000,25347963
2023-04-11 00:31:35 UTC,317,12.00000,27.40000,25469266
2023-04-11 00:33:41 UTC,318,11.90000,27.40000,25594787
2023-04-11 00:35:42 UTC,319,11.90000,27.40000,25716134
2023-04-11 00:37:43 UTC,320,11.90000,27.40000,25837505
2023-04-11 00:39:49 UTC,321,11.90000,27.50000,25963023
2023-04-11 00:41:50 UTC,322,11.90000,27.50000,26084438
2023-04-11 00:43:52 UTC,323,11.90000,27.40000,26205890
2023-04-11 00:45:53 UTC,324,11.90000,27.50000,26327365
2023-04-11 00:47:55 UTC,325,11.80000,27.50000,26448678
2023-04-11 00:49:56 UTC,326,11.80000,27.60000,26570197
2023-04-11 00:52:05 UTC,327,11.80000,27.50000,26699587
2023-04-11 00:54:07 UTC,328,11.80000,27.60000,26820941
2023-04-11 00:56:08 UTC,329,11.80000,27.60000,26942291
2023-04-11 00:58:13 UTC,330,11.70000,27.60000,27067631
2023-04-11 01:00:15 UTC,331,11.70000,27.60000,27188998
2023-04-11 01:02:16 UTC,332,11.70000,27.60000,27310427
2023-04-11 01:04:18 UTC,333,11.60000,27.70000,27431737
2023-04-11 01:06:19 UTC,334,11.60000,27.80000,27553117
2023-04-11 01:08:24 UTC,335,11.60000,27.70000,27678449
2023-04-11 01:10:30 UTC,336,11.60000,27.70000,27803890
2023-04-11 01:12:35 UTC,337,11.60000,27.80000,27929338
2023-04-11 01:14:37 UTC,338,11.60000,27.80000,28051469
2023-04-11 01:16:39 UTC,339,11.60000,27.80000,28172890
2023-04-11 01:18:40 UTC,340,11.60000,27.80000,28294357
2023-04-11 01:20:41 UTC,341,11.50000,27.80000,28415715
2023-04-11 01:22:43 UTC,342,11.50000,27.80000,28537059
2023-04-11 01:24:44 UTC,343,11.50000,27.90000,28658616
2023-04-11 01:26:46 UTC,344,11.50000,27.90000,28779954
2023-04-11 01:28:47 UTC,345,11.50000,27.90000,28901290
2023-04-11 01:30:50 UTC,346,11.50000,27.90000,29023181
2023-04-11 01:32:51 UTC,347,11.50000,28.00000,29145155
2023-04-11 01:34:57 UTC,348,11.40000,27.90000,29271090
2023-04-11 01:36:58 UTC,349,11.50000,28.00000,29392594
2023-04-11 01:39:00 UTC,350,11.40000,28.00000,29513937
2023-04-11 01:41:05 UTC,351,11.50000,28.00000,29639343
2023-04-11 01:43:07 UTC,352,11.50000,28.00000,29760750
2023-04-11 01:45:08 UTC,353,11.40000,28.00000,29882104
2023-04-11 01:47:09 UTC,354,11.40000,28.00000,30003454
2023-04-11 01:49:11 UTC,355,11.40000,28.10000,30124826
2023-04-11 01:51:12 UTC,356,11.30000,28.00000,30246247
2023-04-11 01:53:13 UTC,357,11.30000,28.10000,30367565
2023-04-11 01:55:15 UTC,358,11.30000,28.10000,30488903
2023-04-11 01:57:16 UTC,359,11.30000,28.20000,30610283
2023-04-11 01:59:18 UTC,360,11.30000,28.10000,30731804
2023-04-11 02:01:19 UTC,361,11.30000,28.20000,30853255
2023-04-11 02:03:21 UTC,362,11.30000,28.10000,30974588
2023-04-11 02:05:22 UTC,363,11.30000,28.10000,31096040
2023-04-11 02:07:23 UTC,364,11.30000,28.20000,31217389
2023-04-11 02:09:29 UTC,365,11.30000,28.20000,31342794
2023-04-11 02:11:30 UTC,366,11.20000,28.30000,31464234
2023-04-11 02:13:31 UTC,367,11.30000,28.20000,31585590
2023-04-11 02:15:37 UTC,368,11.20000,28.30000,31710928
2023-04-11 02:17:38 UTC,369,11.20000,28.30000,31832278
2023-04-11 02:19:40 UTC,370,11.20000,28.30000,31953823
2023-04-11 02:21:41 UTC,371,11.20000,28.30000,32075188
2023-04-11 02:23:47 UTC,372,11.20000,28.40000,32200676
2023-04-11 02:25:48 UTC,373,11.20000,28.50000,32322167
2023-04-11 02:27:49 UTC,374,11.10000,28.40000,32443623
2023-04-11 02:29:51 UTC,375,11.10000,28.50000,32564955
2023-04-11 02:31:52 UTC,376,11.10000,28.60000,32686306
2023-04-11 02:33:54 UTC,377,11.10000,28.50000,32807666
2023-04-11 02:35:55 UTC,378,11.00000,28.50000,32929231
2023-04-11 02:37:56 UTC,379,11.00000,28.50000,33050573
2023-04-11 02:39:58 UTC,380,11.10000,28.30000,33171982
2023-04-11 02:42:00 UTC,381,11.10000,28.20000,33293780
2023-04-11 02:44:01 UTC,382,11.00000,28.20000,33415113
2023-04-11 02:46:02 UTC,383,11.00000,28.20000,33536620
2023-04-11 02:48:04 UTC,384,11.10000,28.20000,33657998
2023-04-11 02:50:06 UTC,385,11.10000,28.10000,33779846
2023-04-11 02:52:07 UTC,386,11.10000,28.00000,33901161
2023-04-11 02:54:08 UTC,387,11.10000,27.90000,34022471
2023-04-11 02:56:10 UTC,388,11.10000,27.90000,34143894
2023-04-11 02:58:11 UTC,389,11.10000,27.80000,34265234
2023-04-11 03:00:12 UTC,390,11.10000,27.90000,34386609
2023-04-11 03:02:14 UTC,391,11.10000,27.90000,34507955
2023-04-11 03:04:15 UTC,392,11.10000,27.80000,34629308
2023-04-11 03:06:17 UTC,393,11.10000,27.70000,34750618
2023-04-11 03:08:18 UTC,394,11.10000,27.70000,34872204
2023-04-11 03:10:19 UTC,395,11.00000,27.60000,34993617
2023-04-11 03:12:25 UTC,396,11.10000,27.60000,35118977
2023-04-11 03:14:26 UTC,397,11.10000,27.50000,35240345
2023-04-11 03:16:28 UTC,398,11.10000,27.50000,35361782
2023-04-11 03:18:29 UTC,399,11.10000,27.40000,35483160
2023-04-11 03:20:30 UTC,400,11.10000,27.50000,35604499
2023-04-11 03:22:32 UTC,401,11.10000,27.50000,35725963
2023-04-11 03:24:34 UTC,402,11.00000,27.40000,35847614
2023-04-11 03:26:35 UTC,403,11.10000,27.40000,35969461
2023-04-11 03:28:37 UTC,404,11.00000,27.30000,36090836
2023-04-11 03:30:38 UTC,405,11.10000,27.30000,36212259
2023-04-11 03:32:43 UTC,406,11.10000,27.30000,36337634
2023-04-11 03:34:45 UTC,407,11.00000,27.30000,36458971
2023-04-11 03:36:46 UTC,408,11.00000,27.20000,36580292
2023-04-11 03:38:47 UTC,409,11.10000,27.30000,36701707
2023-04-11 03:40:49 UTC,410,11.00000,27.20000,36823328
2023-04-11 03:42:55 UTC,411,11.10000,27.20000,36948720
2023-04-11 03:44:56 UTC,412,11.10000,27.20000,37070156
2023-04-11 03:46:57 UTC,413,11.10000,27.20000,37191524
2023-04-11 03:48:59 UTC,414,11.10000,27.20000,37312912
2023-04-11 03:51:00 UTC,415,11.10000,27.20000,37434389
2023-04-11 03:53:02 UTC,416,11.10000,27.10000,37555943
2023-04-11 03:55:03 UTC,417,11.10000,27.20000,37677418
2023-04-11 03:57:05 UTC,418,11.10000,27.10000,37798730
2023-04-11 03:59:06 UTC,419,11.10000,27.10000,37920485
2023-04-11 04:01:08 UTC,420,11.10000,27.10000,38041838
2023-04-11 04:03:09 UTC,421,11.10000,27.10000,38163182
2023-04-11 04:05:10 UTC,422,11.10000,27.10000,38284529
2023-04-11 04:07:16 UTC,423,11.10000,27.10000,38409938
2023-04-11 04:09:17 UTC,424,11.10000,27.10000,38531374
2023-04-11 04:11:19 UTC,425,11.10000,27.00000,38652734
2023-04-11 04:13:24 UTC,426,11.10000,27.10000,38778065
2023-04-11 04:15:25 UTC,427,11.10000,27.00000,38899379
2023-04-11 04:17:27 UTC,428,11.20000,27.00000,39020759
2023-04-11 04:19:28 UTC,429,11.20000,27.00000,39142102
2023-04-11 04:21:29 UTC,430,11.20000,27.00000,39263484
2023-04-11 04:23:35 UTC,431,11.20000,27.00000,39388898
2023-04-11 04:25:36 UTC,432,11.10000,27.00000,39510250
2023-04-11 04:27:42 UTC,433,11.20000,27.00000,39635682
2023-04-11 04:29:43 UTC,434,11.20000,27.00000,39757064
2023-04-11 04:31:44 UTC,435,11.20000,27.00000,39878604
2023-04-11 04:33:46 UTC,436,11.20000,26.90000,39999933
2023-04-11 04:35:47 UTC,437,11.20000,26.90000,40121316
2023-04-11 04:37:49 UTC,438,11.20000,26.90000,40242987
2023-04-11 04:39:50 UTC,439,11.20000,26.90000,40364304
2023-04-11 04:41:51 UTC,440,11.20000,26.90000,40485653
2023-04-11 04:43:53 UTC,441,11.20000,27.00000,40607058
2023-04-11 04:45:54 UTC,442,11.20000,27.00000,40728436
2023-04-11 04:48:00 UTC,443,11.20000,27.00000,40853837
2023-04-11 04:50:05 UTC,444,11.20000,26.90000,40979301
2023-04-11 04:52:11 UTC,445,11.20000,27.00000,41104798
2023-04-11 04:54:12 UTC,446,11.20000,26.90000,41226130
2023-04-11 04:56:13 UTC,447,11.30000,27.00000,41347708
2023-04-11 04:58:19 UTC,448,11.30000,26.90000,41473035
2023-04-11 05:00:20 UTC,449,11.40000,26.80000,41594457
2023-04-11 05:02:26 UTC,450,11.40000,26.90000,41719853
2023-04-11 05:04:27 UTC,451,11.50000,26.70000,41841341
2023-04-11 05:06:29 UTC,452,11.50000,26.70000,41962691
2023-04-11 05:08:30 UTC,453,11.70000,26.60000,42084103
2023-04-11 05:10:32 UTC,454,11.80000,26.60000,42205413
2023-04-11 05:12:34 UTC,455,11.90000,26.50000,42327814
2023-04-11 05:14:35 UTC,456,11.90000,26.40000,42449210
2023-04-11 05:16:44 UTC,457,12.00000,26.40000,42578624
2023-04-11 05:18:54 UTC,458,12.10000,26.30000,42707989
2023-04-11 05:20:55 UTC,459,12.10000,26.30000,42829350
2023-04-11 05:22:57 UTC,460,12.10000,26.30000,42950803
2023-04-11 05:24:58 UTC,461,12.10000,26.30000,43072253
2023-04-11 05:27:03 UTC,462,12.10000,26.30000,43197680
2023-04-11 05:29:05 UTC,463,12.20000,26.30000,43318973
2023-04-11 05:31:14 UTC,464,12.30000,26.30000,43448407
2023-04-11 05:33:19 UTC,465,12.20000,26.30000,43573746
2023-04-11 05:35:21 UTC,466,12.20000,26.30000,43695043
2023-04-11 05:37:22 UTC,467,12.20000,26.20000,43816334
2023-04-11 05:39:24 UTC,468,12.30000,26.20000,43937723
2023-04-11 05:41:29 UTC,469,12.50000,26.10000,44063074
2023-04-11 05:43:30 UTC,470,12.50000,26.20000,44184403
2023-04-11 05:45:32 UTC,471,12.50000,26.10000,44305842
2023-04-11 05:47:33 UTC,472,12.60000,26.00000,44427187
2023-04-11 05:49:34 UTC,473,12.60000,26.10000,44548598
2023-04-11 05:51:36 UTC,474,12.80000,26.00000,44669876
2023-04-11 05:53:37 UTC,475,12.70000,26.00000,44791194
2023-04-11 05:55:38 UTC,476,12.80000,26.00000,44912615
2023-04-11 05:57:40 UTC,477,12.80000,26.00000,45033953
2023-04-11 05:59:42 UTC,478,12.90000,26.00000,45155873
2023-04-11 06:01:43 UTC,479,12.90000,26.00000,45277190
2023-04-11 06:03:48 UTC,480,12.90000,25.90000,45402520
2023-04-11 06:05:50 UTC,481,12.90000,25.90000,45523881
2023-04-11 06:07:51 UTC,482,12.90000,25.80000,45645179
2023-04-11 06:09:52 UTC,483,13.00000,25.90000,45766538
2023-04-11 06:11:54 UTC,484,13.20000,25.80000,45887850
2023-04-11 06:13:55 UTC,485,13.30000,25.70000,46009631
2023-04-11 06:15:57 UTC,486,13.30000,25.70000,46130946
2023-04-11 06:17:58 UTC,487,13.20000,25.80000,46252336
2023-04-11 06:19:59 UTC,488,13.10000,25.80000,46373710
2023-04-11 06:22:01 UTC,489,13.20000,25.70000,46495051
2023-04-11 06:24:06 UTC,490,13.30000,25.80000,46620389
2023-04-11 06:26:08 UTC,491,13.40000,25.70000,46741780
2023-04-11 06:28:09 UTC,492,13.50000,25.50000,46863260
2023-04-11 06:30:15 UTC,493,13.70000,25.50000,46988734
2023-04-11 06:32:16 UTC,494,13.70000,25.60000,47110324
2023-04-11 06:34:17 UTC,495,13.70000,25.50000,47231702
2023-04-11 06:36:19 UTC,496,13.80000,25.40000,47353010
2023-04-11 06:38:20 UTC,497,13.90000,25.40000,47474391
2023-04-11 06:40:22 UTC,498,13.90000,25.40000,47595777
2023-04-11 06:42:24 UTC,499,14.00000,25.30000,47717077
2023-04-11 06:44:25 UTC,500,14.30000,25.10000,47839101
2023-04-11 06:46:26 UTC,501,14.30000,25.10000,47960517
2023-04-11 06:48:32 UTC,502,14.30000,25.10000,48085930
2023-04-11 06:50:33 UTC,503,14.20000,25.20000,48207426
2023-04-11 06:52:35 UTC,504,14.40000,25.10000,48328889
2023-04-11 06:54:40 UTC,505,14.70000,24.80000,48454304
2023-04-11 06:56:41 UTC,506,15.10000,24.50000,48575649
2023-04-11 06:58:48 UTC,507,15.10000,24.50000,48701073
2023-04-11 07:00:50 UTC,508,15.20000,24.50000,48823767
2023-04-11 07:02:51 UTC,509,15.30000,24.40000,48945082
2023-04-11 07:04:52 UTC,510,15.40000,24.30000,49066561
2023-04-11 07:06:54 UTC,511,15.20000,24.40000,49187980
2023-04-11 07:08:55 UTC,512,15.20000,24.50000,49309352
2023-04-11 07:10:57 UTC,513,15.10000,24.50000,49430691
2023-04-11 07:12:58 UTC,514,15.20000,24.50000,49552048
2023-04-11 07:15:03 UTC,515,15.30000,24.40000,49677485
2023-04-11 07:17:05 UTC,516,15.30000,24.40000,49799005
2023-04-11 07:19:06 UTC,517,15.40000,24.30000,49920461
2023-04-11 07:21:08 UTC,518,15.40000,24.30000,50041834
2023-04-11 07:23:09 UTC,519,15.50000,24.20000,50163215
2023-04-11 07:25:11 UTC,520,15.80000,24.10000,50284805
2023-04-11 07:27:12 UTC,521,15.90000,24.00000,50406217
2023-04-11 07:29:13 UTC,522,16.20000,23.90000,50527565
2023-04-11 07:31:15 UTC,523,17.70000,22.80000,50648997
2023-04-11 07:33:21 UTC,524,17.30000,23.80000,50774708
2023-04-11 07:35:22 UTC,525,17.10000,24.40000,50896067
2023-04-11 07:37:23 UTC,526,17.00000,24.80000,51017509
2023-04-11 07:39:26 UTC,527,17.10000,25.00000,51138848
2023-04-11 07:41:27 UTC,528,18.30000,24.30000,51261332
2023-04-11 07:43:29 UTC,529,20.70000,22.50000,51382792
2023-04-11 07:45:30 UTC,530,21.30000,21.30000,51504264
2023-04-11 07:47:32 UTC,531,21.00000,21.30000,51625702
2023-04-11 07:49:33 UTC,532,19.70000,22.50000,51747257
2023-04-11 07:51:34 UTC,533,20.30000,22.10000,51868608
2023-04-11 07:53:36 UTC,534,23.70000,19.30000,51990091
2023-04-11 07:55:37 UTC,535,24.20000,18.50000,52111503
2023-04-11 07:57:39 UTC,536,25.30000,17.30000,52232873
2023-04-11 07:59:44 UTC,537,25.70000,16.90000,52358339
2023-04-11 08:01:46 UTC,538,26.80000,16.00000,52479768
2023-04-11 08:03:47 UTC,539,24.30000,17.40000,52601074
2023-04-11 08:05:52 UTC,540,22.90000,18.60000,52726470
2023-04-11 08:07:54 UTC,541,24.30000,17.60000,52847822
2023-04-11 08:09:55 UTC,542,26.50000,16.00000,52969273
2023-04-11 08:11:57 UTC,543,27.70000,15.30000,53090773
2023-04-11 08:13:58 UTC,544,28.10000,14.60000,53212247
2023-04-11 08:16:00 UTC,545,27.20000,15.30000,53333642
2023-04-11 08:18:01 UTC,546,28.30000,14.50000,53455120
2023-04-11 08:20:06 UTC,547,28.60000,14.30000,53580618
2023-04-11 08:22:08 UTC,548,28.20000,14.40000,53702025
2023-04-11 08:24:09 UTC,549,26.70000,15.30000,53823453
2023-04-11 08:26:11 UTC,550,25.50000,16.00000,53944868
2023-04-11 08:28:12 UTC,551,25.20000,16.30000,54066341
2023-04-11 08:30:18 UTC,552,25.40000,16.20000,54191736
2023-04-11 08:32:23 UTC,553,25.80000,16.00000,54317170
2023-04-11 08:34:24 UTC,554,25.40000,16.20000,54438531
2023-04-11 08:36:26 UTC,555,25.10000,16.30000,54559914
2023-04-11 08:38:31 UTC,556,25.00000,16.40000,54685314
2023-04-11 08:40:33 UTC,557,25.10000,16.30000,54806748
2023-04-11 08:42:34 UTC,558,25.20000,16.20000,54928137
2023-04-11 08:44:35 UTC,559,25.60000,16.30000,55049524
2023-04-11 08:46:41 UTC,560,25.70000,15.80000,55174983
2023-04-11 08:48:42 UTC,561,25.60000,16.10000,55296376
2023-04-11 08:50:44 UTC,562,26.20000,15.80000,55417759
2023-04-11 08:52:45 UTC,563,26.40000,15.60000,55539379
2023-04-11 08:54:47 UTC,564,26.50000,15.60000,55660821
2023-04-11 08:56:48 UTC,565,26.60000,15.60000,55782235
2023-04-11 08:58:50 UTC,566,26.80000,15.30000,55903723
2023-04-11 09:00:51 UTC,567,26.40000,15.40000,56025180
2023-04-11 09:02:53 UTC,568,25.90000,15.70000,56146618
2023-04-11 09:04:54 UTC,569,25.60000,15.90000,56268094
2023-04-11 09:06:55 UTC,570,25.50000,15.90000,56389466
2023-04-11 09:08:57 UTC,571,25.40000,15.90000,56510985
2023-04-11 09:10:58 UTC,572,25.80000,15.80000,56632405
2023-04-11 09:13:00 UTC,573,25.90000,15.70000,56753820
2023-04-11 09:15:01 UTC,574,25.80000,15.90000,56875368
2023-04-11 09:17:03 UTC,575,25.90000,15.70000,56996809
2023-04-11 09:19:04 UTC,576,25.80000,15.60000,57118259
2023-04-11 09:21:06 UTC,577,25.90000,15.80000,57239745
2023-04-11 09:23:07 UTC,578,25.70000,15.90000,57361155
2023-04-11 09:25:09 UTC,579,25.90000,15.80000,57482791
2023-04-11 09:27:10 UTC,580,26.20000,15.50000,57604461
2023-04-11 09:29:12 UTC,581,26.50000,15.50000,57726001
2023-04-11 09:31:13 UTC,582,26.50000,15.30000,57847550
2023-04-11 09:33:15 UTC,583,26.80000,15.30000,57969042
2023-04-11 09:35:16 UTC,584,27.10000,15.10000,58090461
2023-04-11 09:37:22 UTC,585,27.40000,15.00000,58215895
2023-04-11 09:39:23 UTC,586,28.00000,14.80000,58337356
2023-04-11 09:41:25 UTC,587,28.40000,14.50000,58458771
2023-04-11 09:43:26 UTC,588,28.90000,14.30000,58580200
2023-04-11 09:45:28 UTC,589,29.10000,14.20000,58701660
2023-04-11 09:47:29 UTC,590,29.00000,14.20000,58823188
2023-04-11 09:49:30 UTC,591,29.30000,14.10000,58944587
2023-04-11 09:51:32 UTC,592,29.20000,14.00000,59066099
2023-04-11 09:53:33 UTC,593,29.90000,13.80000,59187547
2023-04-11 09:55:35 UTC,594,30.20000,13.60000,59309003
2023-04-11 09:57:36 UTC,595,30.10000,13.70000,59430434
2023-04-11 09:59:38 UTC,596,30.10000,13.60000,59551882
2023-04-11 10:01:39 UTC,597,29.70000,13.80000,59673316
2023-04-11 10:03:41 UTC,598,29.90000,13.60000,59794746
2023-04-11 10:05:42 UTC,599,30.40000,13.30000,59916194
2023-04-11 10:07:43 UTC,600,30.70000,13.20000,60037588
2023-04-11 10:09:45 UTC,601,31.00000,13.00000,60159042
2023-04-11 10:11:46 UTC,602,31.30000,12.80000,60280485
2023-04-11 10:13:48 UTC,603,31.70000,12.60000,60401925
2023-04-11 10:15:49 UTC,604,31.90000,12.60000,60523358
2023-04-11 10:17:50 UTC,605,32.30000,12.50000,60644662
2023-04-11 10:19:52 UTC,606,32.40000,12.50000,60765988
2023-04-11 10:21:53 UTC,607,32.30000,12.40000,60887392
2023-04-11 10:23:55 UTC,608,32.50000,12.30000,61008778
2023-04-11 10:25:56 UTC,609,32.70000,12.10000,61130149
2023-04-11 10:28:01 UTC,610,32.90000,12.10000,61255558
2023-04-11 10:30:03 UTC,611,33.00000,12.00000,61377042
2023-04-11 10:32:04 UTC,612,33.10000,12.00000,61498447
2023-04-11 10:34:06 UTC,613,33.30000,11.80000,61619779
2023-04-11 10:36:07 UTC,614,33.20000,11.80000,61741139
2023-04-11 10:38:08 UTC,615,33.10000,11.80000,61862592
2023-04-11 10:40:10 UTC,616,33.10000,11.70000,61983973
2023-04-11 10:42:11 UTC,617,33.10000,11.60000,62105318
2023-04-11 10:44:13 UTC,618,33.50000,11.60000,62226653
2023-04-11 10:46:14 UTC,619,33.50000,11.60000,62348123
2023-04-11 10:48:15 UTC,620,33.60000,11.50000,62469556
2023-04-11 10:50:17 UTC,621,33.40000,11.60000,62590909
2023-04-11 10:52:18 UTC,622,33.30000,11.50000,62712363
2023-04-11 10:54:20 UTC,623,33.50000,11.50000,62833762
2023-04-11 10:56:23 UTC,624,33.50000,11.50000,62955174
2023-04-11 10:58:25 UTC,625,33.70000,11.30000,63078858
2023-04-11 11:00:26 UTC,626,33.70000,11.40000,63200253
2023-04-11 11:02:28 UTC,627,34.10000,11.10000,63321612
2023-04-11 11:04:33 UTC,628,32.50000,14.30000,63447129
2023-04-11 11:06:34 UTC,629,31.50000,16.00000,63568565
2023-04-11 11:08:36 UTC,630,31.50000,16.10000,63689974
2023-04-11 11:12:40 UTC,631,31.30000,16.20000,63933215
2023-04-11 11:14:43 UTC,632,31.30000,16.30000,64055749
2023-04-11 11:16:46 UTC,633,31.10000,16.30000,64178429
2023-04-11 11:18:49 UTC,634,30.80000,16.20000,64301308
2023-04-11 11:20:51 UTC,635,30.50000,16.30000,64424373
2023-04-11 11:22:54 UTC,636,30.10000,16.40000,64547270
2023-04-11 11:24:57 UTC,637,29.80000,16.50000,64670152
2023-04-11 11:27:02 UTC,638,29.40000,16.50000,64792821
2023-04-11 11:29:05 UTC,639,29.10000,16.60000,64918157
2023-04-11 11:31:09 UTC,640,28.90000,16.60000,65040904
2023-04-11 11:33:12 UTC,641,28.80000,16.60000,65164741
2023-04-11 11:35:21 UTC,642,27.40000,14.80000,65287822
2023-04-11 11:37:18 UTC,643,25.10000,15.70000,65408182
2023-04-11 11:43:24 UTC,644,22.40000,17.60000,65776876
2023-04-11 11:49:32 UTC,645,21.80000,18.40000,66144357
2023-04-11 11:51:36 UTC,646,21.60000,18.50000,66267385
2023-04-11 11:53:44 UTC,647,21.60000,18.50000,66391281
2023-04-11 11:55:39 UTC,648,21.50000,18.70000,66511438
2023-04-11 11:57:43 UTC,649,21.60000,18.90000,66635197
2023-04-11 11:59:47 UTC,650,21.50000,19.00000,66758487
2023-04-11 12:01:47 UTC,651,21.40000,19.20000,66878774
2023-04-11 12:03:51 UTC,652,21.40000,19.30000,67002609
2023-04-11 12:05:56 UTC,653,21.30000,19.30000,67127127
2023-04-11 12:07:56 UTC,654,21.30000,19.40000,67247211
2023-04-11 12:09:56 UTC,655,21.40000,19.50000,67367223
2023-04-11 12:11:56 UTC,656,21.50000,19.50000,67487237
2023-04-11 12:13:55 UTC,657,21.50000,19.50000,67607238
2023-04-11 12:16:00 UTC,658,21.60000,19.60000,67731081
2023-04-11 12:18:04 UTC,659,21.50000,19.70000,67855393
2023-04-11 12:20:09 UTC,660,21.50000,19.70000,67979918
2023-04-11 12:22:13 UTC,661,21.60000,19.80000,68104433
2023-04-11 12:24:15 UTC,662,21.60000,19.80000,68224720
2023-04-11 12:26:15 UTC,663,21.60000,19.80000,68346587
2023-04-11 12:28:16 UTC,664,21.60000,19.80000,68467000
2023-04-11 12:30:16 UTC,665,21.60000,19.80000,68587626
2023-04-11 12:32:18 UTC,666,21.60000,19.80000,68708049
2023-04-11 12:34:22 UTC,667,21.60000,19.90000,68833928
2023-04-11 12:36:25 UTC,668,21.60000,20.00000,68957833
2023-04-11 12:38:28 UTC,669,21.60000,20.00000,69080506
2023-04-11 12:40:33 UTC,670,21.60000,20.10000,69204001
2023-04-11 12:42:37 UTC,671,21.60000,20.10000,69328520
2023-04-11 12:44:40 UTC,672,21.60000,20.10000,69452427
2023-04-11 12:46:45 UTC,673,21.60000,20.20000,69575921
2023-04-11 12:48:44 UTC,674,21.70000,20.30000,69696616
2023-04-11 12:50:48 UTC,675,21.70000,20.20000,69819423
2023-04-11 12:52:50 UTC,676,21.60000,20.30000,69943309
2023-04-11 12:54:55 UTC,677,21.60000,20.20000,70066010
2023-04-11 12:56:54 UTC,678,21.60000,20.30000,70186292
2023-04-11 12:58:58 UTC,679,21.60000,20.30000,70310132
2023-04-11 13:01:04 UTC,680,21.60000,20.30000,70434235
2023-04-11 13:03:03 UTC,681,21.60000,20.40000,70555545
2023-04-11 13:05:06 UTC,682,21.60000,20.50000,70678354
2023-04-11 13:07:10 UTC,683,21.70000,20.50000,70801448
2023-04-11 13:09:13 UTC,684,21.70000,20.40000,70925350
2023-04-11 13:11:17 UTC,685,21.70000,20.60000,71049045
2023-04-11 13:13:21 UTC,686,21.70000,20.60000,71172539
2023-04-11 13:15:22 UTC,687,21.70000,20.70000,71292620
2023-04-11 13:17:26 UTC,688,21.70000,20.60000,71417270
2023-04-11 13:19:25 UTC,689,21.60000,20.70000,71537354
2023-04-11 13:21:29 UTC,690,21.60000,20.70000,71660772
2023-04-11 13:23:33 UTC,691,21.60000,20.90000,71784478
2023-04-11 13:25:33 UTC,692,21.60000,21.10000,71904561
2023-04-11 13:27:37 UTC,693,21.60000,21.20000,72028802
2023-04-11 13:29:41 UTC,694,21.60000,21.20000,72152911
2023-04-11 13:31:47 UTC,695,21.60000,21.20000,72276815
2023-04-11 13:33:47 UTC,696,21.80000,22.10000,72398727
2023-04-11 13:35:50 UTC,697,21.90000,21.30000,72522577
2023-04-11 13:37:52 UTC,698,22.00000,20.70000,72645250
2023-04-11 13:39:55 UTC,699,21.90000,20.60000,72767916
2023-04-11 13:42:01 UTC,700,22.00000,20.50000,72894491
2023-04-11 13:44:04 UTC,701,22.20000,20.30000,73016761
2023-04-11 13:46:06 UTC,702,22.50000,20.10000,73139437
2023-04-11 13:48:10 UTC,703,22.70000,19.90000,73262115
2023-04-11 13:50:16 UTC,704,22.90000,19.80000,73389084
2023-04-11 13:52:19 UTC,705,23.20000,19.60000,73511970
2023-04-11 13:54:21 UTC,706,23.30000,19.50000,73634507
2023-04-11 13:56:24 UTC,707,24.80000,18.50000,73757117
2023-04-11 13:58:27 UTC,708,28.20000,16.20000,73879788
2023-04-11 14:00:29 UTC,709,29.80000,14.80000,74002682
2023-04-11 14:02:30 UTC,710,30.70000,14.20000,74124464
2023-04-11 14:04:32 UTC,711,30.70000,14.00000,74245919
2023-04-11 14:06:34 UTC,712,30.90000,13.60000,74367926
2023-04-11 14:08:36 UTC,713,31.20000,13.40000,74489948
2023-04-11 14:10:38 UTC,714,31.10000,13.30000,74611800
2023-04-11 14:12:44 UTC,715,30.70000,13.50000,74737264
2023-04-11 14:14:46 UTC,716,30.80000,13.30000,74859151
2023-04-11 14:16:47 UTC,717,30.70000,13.40000,74981032
2023-04-11 14:18:49 UTC,718,31.10000,13.10000,75102915
2023-04-11 14:20:51 UTC,719,31.10000,13.00000,75224507
2023-04-11 14:22:53 UTC,720,31.30000,12.90000,75346340
2023-04-11 14:24:54 UTC,721,31.30000,12.80000,75468521
2023-04-11 14:26:56 UTC,722,31.30000,12.80000,75589855
2023-04-11 14:28:57 UTC,723,31.10000,12.90000,75711185
2023-04-11 14:31:02 UTC,724,31.40000,12.90000,75836554
2023-04-11 14:33:04 UTC,725,31.20000,13.00000,75957907
2023-04-11 14:35:05 UTC,726,31.20000,13.00000,76079217
2023-04-11 14:37:06 UTC,727,30.90000,13.20000,76200561
2023-04-11 14:39:08 UTC,728,31.00000,13.30000,76321911
2023-04-11 14:41:09 UTC,729,30.60000,13.40000,76443270
2023-04-11 14:43:10 UTC,730,30.20000,13.70000,76564607
2023-04-11 14:45:12 UTC,731,30.10000,13.60000,76685966
2023-04-11 14:47:13 UTC,732,30.20000,13.60000,76807313
2023-04-11 14:49:15 UTC,733,29.80000,13.70000,76928699
2023-04-11 14:51:16 UTC,734,29.00000,13.90000,77050046
2023-04-11 14:53:17 UTC,735,29.20000,14.00000,77171365
2023-04-11 14:55:19 UTC,736,28.90000,13.80000,77292696
2023-04-11 14:57:20 UTC,737,29.00000,14.00000,77414014
2023-04-11 14:59:21 UTC,738,28.90000,14.00000,77535347
2023-04-11 15:01:22 UTC,739,28.60000,14.00000,77656632
2023-04-11 15:03:24 UTC,740,28.60000,14.00000,77777940
2023-04-11 15:05:25 UTC,741,28.20000,14.00000,77899263
2023-04-11 15:07:26 UTC,742,28.00000,14.10000,78020558
2023-04-11 15:09:28 UTC,743,27.50000,14.20000,78141872
2023-04-11 15:11:29 UTC,744,26.60000,14.50000,78263186
2023-04-11 15:13:30 UTC,745,26.30000,14.80000,78384523
2023-04-11 15:15:32 UTC,746,26.10000,15.00000,78505853
2023-04-11 15:17:37 UTC,747,26.10000,15.00000,78631177
2023-04-11 15:19:38 UTC,748,26.60000,14.70000,78752510
2023-04-11 15:21:40 UTC,749,26.90000,14.60000,78873836
2023-04-11 15:23:41 UTC,750,26.90000,14.60000,78995169
2023-04-11 15:25:42 UTC,751,26.70000,14.80000,79116459
2023-04-11 15:27:44 UTC,752,26.50000,14.90000,79237785
2023-04-11 15:29:45 UTC,753,26.10000,15.10000,79359107
2023-04-11 15:31:46 UTC,754,25.80000,15.20000,79480460
2023-04-11 15:33:48 UTC,755,25.40000,15.30000,79601803
2023-04-11 15:35:49 UTC,756,24.90000,15.60000,79723132
2023-04-11 15:37:50 UTC,757,24.80000,15.80000,79844428
2023-04-11 15:39:52 UTC,758,24.40000,16.00000,79965736
2023-04-11 15:41:53 UTC,759,24.20000,16.20000,80087048
2023-04-11 15:43:54 UTC,760,23.70000,16.60000,80208360
2023-04-11 15:46:00 UTC,761,23.50000,16.80000,80333690
2023-04-11 15:48:01 UTC,762,23.30000,16.80000,80455009
2023-04-11 15:50:02 UTC,763,23.20000,17.00000,80576341
2023-04-11 15:52:03 UTC,764,23.00000,17.10000,80697626
2023-04-11 15:54:09 UTC,765,22.80000,17.30000,80822968
2023-04-11 15:56:10 UTC,766,22.30000,17.80000,80944253
2023-04-11 15:58:11 UTC,767,22.30000,17.70000,81065552
2023-04-11 16:00:13 UTC,768,22.20000,17.80000,81186891
2023-04-11 16:02:14 UTC,769,21.80000,18.00000,81308184
2023-04-11 16:04:15 UTC,770,21.60000,18.20000,81429495
2023-04-11 16:06:17 UTC,771,21.70000,18.00000,81550797
2023-04-11 16:08:18 UTC,772,21.50000,18.20000,81672109
2023-04-11 16:10:20 UTC,773,21.40000,18.40000,81793426
2023-04-11 16:12:21 UTC,774,21.30000,18.50000,81915351
2023-04-11 16:14:27 UTC,775,21.20000,18.40000,82040709
2023-04-11 16:16:28 UTC,776,21.20000,18.40000,82162028
2023-04-11 16:18:29 UTC,777,21.00000,18.30000,82283350
2023-04-11 16:20:32 UTC,778,20.90000,18.30000,82404659
2023-04-11 16:22:33 UTC,779,20.70000,18.30000,82527048
2023-04-11 16:24:34 UTC,780,20.60000,18.20000,82648333
2023-04-11 16:26:36 UTC,781,20.60000,18.20000,82769648
2023-04-11 16:28:38 UTC,782,20.60000,18.10000,82890948
2023-04-11 16:30:40 UTC,783,20.50000,18.20000,83014557
2023-04-11 16:32:42 UTC,784,20.40000,18.30000,83135871
2023-04-11 16:34:43 UTC,785,20.20000,18.50000,83257132
2023-04-11 16:36:44 UTC,786,20.20000,18.70000,83378424
2023-04-11 16:38:46 UTC,787,20.20000,19.10000,83499740
2023-04-11 16:40:47 UTC,788,20.20000,19.60000,83621080
2023-04-11 16:42:48 UTC,789,20.10000,19.70000,83742431
2023-04-11 16:44:50 UTC,790,20.00000,20.00000,83863801
2023-04-11 16:46:51 UTC,791,20.00000,20.00000,83985105
2023-04-11 16:48:52 UTC,792,19.80000,20.50000,84106425
2023-04-11 16:50:54 UTC,793,19.70000,20.50000,84227769
2023-04-11 16:52:59 UTC,794,19.60000,20.80000,84353144
2023-04-11 16:55:04 UTC,795,19.60000,21.20000,84478484
2023-04-11 16:57:06 UTC,796,19.60000,21.50000,84600344
2023-04-11 16:59:08 UTC,797,19.60000,21.10000,84721689
2023-04-11 17:01:13 UTC,798,19.60000,21.10000,84847026
2023-04-11 17:03:14 UTC,799,19.50000,20.90000,84968371
2023-04-11 17:05:16 UTC,800,19.50000,20.70000,85089698
2023-04-11 17:07:17 UTC,801,19.70000,20.80000,85211024
2023-04-11 17:09:18 UTC,802,19.70000,20.80000,85332337
2023-04-11 17:11:19 UTC,803,19.70000,21.10000,85453624
2023-04-11 17:13:21 UTC,804,19.60000,22.10000,85574921
2023-04-11 17:15:22 UTC,805,19.60000,22.70000,85696242
2023-04-11 17:17:24 UTC,806,19.60000,23.20000,85817567
2023-04-11 17:19:25 UTC,807,19.80000,23.40000,85938961
2023-04-11 17:21:26 UTC,808,19.80000,23.30000,86060268
2023-04-11 17:23:27 UTC,809,19.90000,23.30000,86181576
2023-04-11 17:25:29 UTC,810,19.80000,23.30000,86302890
2023-04-11 17:27:30 UTC,811,19.80000,23.50000,86424201
2023-04-11 17:29:35 UTC,812,19.70000,23.50000,86549552
2023-04-11 17:31:37 UTC,813,19.60000,23.60000,86670872
2023-04-11 17:33:38 UTC,814,19.50000,23.60000,86792279
2023-04-11 17:35:39 UTC,815,19.50000,23.70000,86913591
2023-04-11 17:37:41 UTC,816,19.50000,23.70000,87034900
2023-04-11 17:39:42 UTC,817,19.40000,23.80000,87156216
2023-04-11 17:41:43 UTC,818,19.40000,23.80000,87277523
2023-04-11 17:43:49 UTC,819,19.30000,23.70000,87402860
2023-04-11 17:45:50 UTC,820,19.30000,23.80000,87524249
2023-04-11 17:47:51 UTC,821,19.20000,23.70000,87645558
2023-04-11 17:49:53 UTC,822,19.30000,23.60000,87766893
2023-04-11 17:51:58 UTC,823,19.30000,23.70000,87892235
2023-04-11 17:54:03 UTC,824,19.10000,23.60000,88017577
2023-04-11 17:56:09 UTC,825,19.10000,23.60000,88142914
2023-04-11 17:58:10 UTC,826,19.10000,23.60000,88264236
2023-04-11 18:00:11 UTC,827,19.10000,23.60000,88385541
2023-04-11 18:02:13 UTC,828,19.10000,23.60000,88506848
2023-04-11 18:04:14 UTC,829,18.90000,23.20000,88628155
2023-04-11 18:06:15 UTC,830,19.50000,25.10000,88749436
2023-04-11 18:11:33 UTC,831,23.40000,21.80000,125785
2023-04-11 18:13:35 UTC,832,23.90000,21.30000,248365
2023-04-11 18:15:36 UTC,833,24.20000,20.80000,369803
2023-04-11 18:17:53 UTC,834,24.50000,20.60000,507242
2023-04-11 18:19:55 UTC,835,24.70000,20.50000,628544
2023-04-11 18:21:56 UTC,836,24.80000,20.30000,749789
2023-04-11 18:23:57 UTC,837,24.90000,20.20000,871086
2023-04-11 18:25:59 UTC,838,25.00000,19.90000,992544
2023-04-11 18:28:00 UTC,839,25.10000,19.80000,1114032
2023-04-11 18:30:02 UTC,840,25.10000,19.50000,1235339
2023-04-11 18:32:07 UTC,841,25.20000,19.50000,1360835
2023-04-11 18:34:13 UTC,842,25.30000,19.50000,1486184
2023-04-11 18:36:18 UTC,843,25.30000,19.60000,1611726
2023-04-11 18:38:19 UTC,844,25.30000,19.50000,1733108
2023-04-11 18:40:21 UTC,845,25.40000,19.30000,1854591
2023-04-11 18:42:22 UTC,846,25.40000,19.30000,1976072
2023-04-11 18:44:28 UTC,847,25.40000,19.40000,2101411
2023-04-11 18:46:33 UTC,848,25.50000,19.30000,2226952
2023-04-11 18:48:35 UTC,849,25.50000,19.20000,2348285
2023-04-11 18:50:36 UTC,850,25.50000,19.20000,2469613
2023-04-11 18:52:37 UTC,851,25.60000,19.10000,2590922
2023-04-11 18:54:38 UTC,852,25.60000,19.10000,2712231
2023-04-11 18:56:44 UTC,853,25.60000,19.00000,2837567
2023-04-11 18:58:45 UTC,854,25.60000,19.10000,2958843
2023-04-11 19:00:46 UTC,855,25.70000,19.10000,3080128
2023-04-11 19:02:48 UTC,856,25.70000,19.00000,3201471
2023-04-11 19:04:49 UTC,857,25.70000,19.10000,3322883
2023-04-11 19:06:51 UTC,858,25.70000,18.90000,3444228
2023-04-11 19:08:52 UTC,859,25.70000,18.90000,3565641
2023-04-11 19:10:57 UTC,860,25.70000,18.80000,3690979
2023-04-11 19:12:59 UTC,861,25.70000,19.10000,3812517
2023-04-11 19:15:00 UTC,862,25.70000,18.90000,3933782
2023-04-11 19:17:02 UTC,863,25.80000,18.90000,4055257
2023-04-11 19:19:03 UTC,864,25.80000,18.80000,4176703
2023-04-11 20:29:06 UTC,865,26.20000,18.80000,129730
2023-04-11 20:31:11 UTC,866,26.20000,18.90000,255142
2023-04-11 20:36:05 UTC,867,23.30000,17.90000,121757
2023-04-11 20:38:07 UTC,868,20.50000,19.90000,244243
2023-04-11 20:40:08 UTC,869,18.70000,21.20000,365598
2023-04-11 20:42:09 UTC,870,18.00000,22.00000,486999
2023-04-11 20:44:11 UTC,871,17.50000,22.40000,608306
2023-04-11 20:46:16 UTC,872,17.10000,22.90000,733681
2023-04-11 20:48:18 UTC,873,16.90000,23.20000,855132
2023-04-11 20:50:19 UTC,874,16.80000,23.50000,976519
2023-04-11 20:52:24 UTC,875,16.60000,23.70000,1101954
2023-04-11 20:54:26 UTC,876,16.50000,23.90000,1223409
2023-04-11 20:56:27 UTC,877,16.40000,24.10000,1344724
2023-04-11 20:58:29 UTC,878,16.30000,24.10000,1465994
2023-04-11 21:00:30 UTC,879,16.30000,24.40000,1587242
2023-04-11 21:02:35 UTC,880,16.20000,24.50000,1712490
2023-04-11 21:04:36 UTC,881,16.10000,24.60000,1833715
2023-04-11 21:06:41 UTC,882,16.10000,24.70000,1958971
2023-04-11 21:08:47 UTC,883,16.10000,24.90000,2084219
2023-04-11 21:10:52 UTC,884,16.10000,25.10000,2209561
2023-04-11 21:12:53 UTC,885,16.00000,25.20000,2330825
2023-04-11 21:14:55 UTC,886,15.90000,25.30000,2452226
2023-04-11 21:16:56 UTC,887,15.90000,25.50000,2573670
2023-04-11 21:19:02 UTC,888,15.90000,25.60000,2699107
2023-04-11 21:21:03 UTC,889,15.80000,25.70000,2820454
2023-04-11 21:23:04 UTC,890,15.80000,25.90000,2941804
2023-04-11 21:25:06 UTC,891,15.70000,26.00000,3063150
2023-04-11 21:27:07 UTC,892,15.70000,26.10000,3184561
2023-04-11 21:29:08 UTC,893,15.70000,26.10000,3305977
2023-04-11 21:31:15 UTC,894,15.70000,26.20000,3431382
2023-04-11 21:33:16 UTC,895,15.70000,26.30000,3553789
2023-04-11 21:35:18 UTC,896,15.70000,26.40000,3675199
2023-04-11 21:37:19 UTC,897,15.70000,26.50000,3796619
2023-04-11 21:39:21 UTC,898,15.60000,26.60000,3917995
2023-04-11 21:41:26 UTC,899,15.60000,26.60000,4043530
2023-04-11 21:43:31 UTC,900,15.60000,26.70000,4168979
2023-04-11 21:45:33 UTC,901,15.60000,26.70000,4290353
2023-04-11 21:47:34 UTC,902,15.60000,26.90000,4411806
2023-04-11 21:49:36 UTC,903,15.50000,27.00000,4533282
2023-04-11 21:51:37 UTC,904,15.50000,27.10000,4654698
2023-04-11 21:53:39 UTC,905,15.50000,27.10000,4776071
2023-04-11 21:55:40 UTC,906,15.50000,27.20000,4897463
2023-04-11 21:57:42 UTC,907,15.50000,27.30000,5018904
2023-04-11 21:59:43 UTC,908,15.50000,27.40000,5140413
2023-04-11 22:01:44 UTC,909,15.40000,27.50000,5261824
2023-04-11 22:03:46 UTC,910,15.40000,27.60000,5383288
2023-04-11 22:05:47 UTC,911,15.30000,27.60000,5504699
2023-04-11 22:07:49 UTC,912,15.30000,27.70000,5626143
2023-04-11 22:09:50 UTC,913,15.30000,27.80000,5747592
2023-04-11 22:11:55 UTC,914,15.30000,27.80000,5872924
2023-04-11 22:13:57 UTC,915,15.30000,27.90000,5994338
2023-04-11 22:15:58 UTC,916,15.40000,27.90000,6115763
2023-04-11 22:18:00 UTC,917,15.40000,28.00000,6237220
2023-04-11 22:20:01 UTC,918,15.30000,28.00000,6358654
2023-04-11 22:22:03 UTC,919,15.30000,28.00000,6480039
2023-04-11 22:24:04 UTC,920,15.30000,28.10000,6601463
2023-04-11 22:26:05 UTC,921,15.30000,28.20000,6722939
2023-04-11 22:28:11 UTC,922,15.30000,28.20000,6848308
2023-04-11 22:30:12 UTC,923,15.30000,28.20000,6969686
2023-04-11 22:32:14 UTC,924,15.30000,28.20000,7091073
2023-04-11 22:34:15 UTC,925,15.30000,28.30000,7212447
2023-04-11 22:36:16 UTC,926,15.30000,28.40000,7333798
2023-04-11 22:38:18 UTC,927,15.30000,28.50000,7455157
2023-04-11 22:40:19 UTC,928,15.30000,28.50000,7576617
2023-04-11 22:42:20 UTC,929,15.30000,28.50000,7697913
2023-04-11 22:44:22 UTC,930,15.30000,28.60000,7819307
2023-04-11 22:46:23 UTC,931,15.30000,28.60000,7940660
2023-04-11 22:48:25 UTC,932,15.30000,28.60000,8062151
2023-04-11 22:50:26 UTC,933,15.30000,28.70000,8183553
2023-04-11 22:52:28 UTC,934,15.30000,28.70000,8305009
2023-04-11 22:54:29 UTC,935,15.30000,28.80000,8426482
2023-04-11 22:56:30 UTC,936,15.30000,28.90000,8547857
2023-04-11 22:58:32 UTC,937,15.30000,28.80000,8669376
2023-04-11 23:00:33 UTC,938,15.20000,28.90000,8790794
2023-04-11 23:02:35 UTC,939,15.20000,29.00000,8912248
2023-04-11 23:04:36 UTC,940,15.20000,29.00000,9033652
2023-04-11 23:06:38 UTC,941,15.20000,29.10000,9155121
2023-04-11 23:08:39 UTC,942,15.20000,29.10000,9276492
2023-04-11 23:10:41 UTC,943,15.10000,29.20000,9397996
2023-04-11 23:12:42 UTC,944,15.10000,29.20000,9519441
2023-04-11 23:14:43 UTC,945,15.10000,29.20000,9640792
2023-04-11 23:16:45 UTC,946,15.10000,29.20000,9762157
2023-04-11 23:18:50 UTC,947,15.10000,29.30000,9887566
2023-04-11 23:20:51 UTC,948,15.10000,29.50000,10008931
2023-04-11 23:22:53 UTC,949,15.00000,29.40000,10130302
2023-04-11 23:24:54 UTC,950,15.00000,29.50000,10251653
2023-04-11 23:26:56 UTC,951,15.00000,29.60000,10373540
2023-04-11 23:28:58 UTC,952,14.90000,29.60000,10495031
2023-04-11 23:31:03 UTC,953,14.90000,29.60000,10620363
2023-04-11 23:33:08 UTC,954,15.00000,29.70000,10745802
2023-04-11 23:35:10 UTC,955,14.90000,29.70000,10867259
2023-04-11 23:37:15 UTC,956,14.90000,29.80000,10992685
2023-04-11 23:39:17 UTC,957,14.90000,29.80000,11114037
2023-04-11 23:41:22 UTC,958,14.80000,29.90000,11239509
2023-04-11 23:43:24 UTC,959,14.80000,29.90000,11360934
2023-04-11 23:45:25 UTC,960,14.80000,30.00000,11482370
2023-04-11 23:47:26 UTC,961,14.80000,30.00000,11603814
2023-04-11 23:49:28 UTC,962,14.70000,30.10000,11725268
2023-04-11 23:51:29 UTC,963,14.70000,30.10000,11846650
2023-04-11 23:53:30 UTC,964,14.70000,30.20000,11967958
2023-04-11 23:55:32 UTC,965,14.60000,30.40000,12089305
2023-04-11 23:57:33 UTC,966,14.40000,30.60000,12210655
2023-04-11 23:59:35 UTC,967,14.30000,30.70000,12332126
2023-04-12 00:01:36 UTC,968,14.30000,30.80000,12453647
2023-04-12 00:03:38 UTC,969,14.40000,30.80000,12575066
2023-04-12 00:05:39 UTC,970,14.40000,30.80000,12696443
2023-04-12 00:07:40 UTC,971,14.40000,30.80000,12817823
2023-04-12 00:09:42 UTC,972,14.40000,30.80000,12939284
2023-04-12 00:11:43 UTC,973,14.40000,30.80000,13060659
2023-04-12 00:13:45 UTC,974,14.40000,30.80000,13182065
2023-04-12 00:15:46 UTC,975,14.40000,30.90000,13303523
2023-04-12 00:17:48 UTC,976,14.40000,31.00000,13425032
2023-04-12 00:19:49 UTC,977,14.40000,31.00000,13546470
2023-04-12 00:21:50 UTC,978,14.40000,31.10000,13667804
2023-04-12 00:23:56 UTC,979,14.40000,31.10000,13793265
2023-04-12 00:25:57 UTC,980,14.40000,31.10000,13914601
2023-04-12 00:30:00 UTC,981,14.40000,31.20000,14157542
2023-04-12 00:32:02 UTC,982,14.30000,31.20000,14279161
2023-04-12 00:34:03 UTC,983,14.30000,31.20000,14400646
2023-04-12 00:36:11 UTC,984,14.30000,31.30000,14526248
2023-04-12 00:38:12 UTC,985,14.30000,31.40000,14649909
2023-04-12 00:40:14 UTC,986,14.30000,31.50000,14771298
2023-04-12 00:42:15 UTC,987,14.30000,31.50000,14892688
2023-04-12 00:44:21 UTC,988,14.30000,31.50000,15018085
2023-04-12 00:46:25 UTC,989,14.30000,31.50000,15139471
2023-04-12 00:48:22 UTC,990,14.30000,31.60000,15259852
2023-04-12 00:50:24 UTC,991,14.30000,31.60000,15381241
2023-04-12 00:52:25 UTC,992,14.40000,31.70000,15502650
2023-04-12 00:54:27 UTC,993,14.40000,31.80000,15624060
2023-04-12 00:56:28 UTC,994,14.30000,31.80000,15745554
2023-04-12 00:58:29 UTC,995,14.30000,31.80000,15866932
2023-04-12 01:00:31 UTC,996,14.30000,31.90000,15988235
2023-04-12 01:02:32 UTC,997,14.20000,32.00000,16109611
2023-04-12 01:04:38 UTC,998,14.20000,32.10000,16234986
2023-04-12 01:06:39 UTC,999,14.20000,32.10000,16356373
2023-04-12 01:08:40 UTC,1000,14.10000,32.20000,16477681
2023-04-12 01:10:42 UTC,1001,14.20000,32.30000,16599096
2023-04-12 01:12:43 UTC,1002,14.10000,32.30000,16720437
2023-04-12 01:14:44 UTC,1003,14.10000,32.40000,16841687
2023-04-12 01:16:49 UTC,1004,14.00000,32.50000,16967001
2023-04-12 01:18:55 UTC,1005,14.00000,32.60000,17092282
2023-04-12 01:20:56 UTC,1006,14.10000,32.70000,17213589
2023-04-12 01:22:57 UTC,1007,14.10000,32.70000,17334940
2023-04-12 01:25:03 UTC,1008,14.10000,32.80000,17460157
2023-04-12 01:27:04 UTC,1009,14.10000,32.80000,17581457
2023-04-12 01:29:17 UTC,1010,14.00000,32.90000,17714830
2023-04-12 01:31:19 UTC,1011,14.00000,33.00000,17836165
2023-04-12 01:33:24 UTC,1012,14.00000,33.00000,17961666
2023-04-12 01:35:25 UTC,1013,14.00000,33.00000,18082993
2023-04-12 01:37:27 UTC,1014,14.00000,33.10000,18204342
2023-04-12 01:39:28 UTC,1015,14.00000,33.10000,18325639
2023-04-12 01:41:34 UTC,1016,14.00000,33.20000,18451096
2023-04-12 01:43:39 UTC,1017,14.00000,33.30000,18576525
2023-04-12 01:45:40 UTC,1018,14.00000,33.30000,18697901
2023-04-12 01:47:42 UTC,1019,13.90000,33.50000,18819249
2023-04-12 01:49:43 UTC,1020,13.90000,33.60000,18940564
2023-04-12 01:51:44 UTC,1021,13.90000,33.70000,19061958
2023-04-12 01:53:46 UTC,1022,13.90000,33.70000,19183879
2023-04-12 01:55:56 UTC,1023,13.90000,33.80000,19313302
2023-04-12 01:57:57 UTC,1024,13.70000,33.90000,19434638
2023-04-12 01:59:59 UTC,1025,13.70000,34.00000,19556068
2023-04-12 02:02:00 UTC,1026,13.70000,34.10000,19677507
2023-04-12 02:04:05 UTC,1027,13.70000,34.10000,19802887
2023-04-12 02:06:15 UTC,1028,13.70000,34.20000,19932293
2023-04-12 02:08:20 UTC,1029,13.70000,34.20000,20057664
2023-04-12 02:10:22 UTC,1030,13.60000,34.30000,20179119
2023-04-12 02:12:23 UTC,1031,13.60000,34.50000,20300527
2023-04-12 02:14:25 UTC,1032,13.50000,34.50000,20422451
2023-04-12 02:16:26 UTC,1033,13.50000,34.50000,20543811
2023-04-12 02:18:28 UTC,1034,13.50000,34.80000,20665178
2023-04-12 02:20:29 UTC,1035,13.40000,34.70000,20786569
2023-04-12 02:22:31 UTC,1036,13.40000,34.90000,20907997
2023-04-12 02:24:32 UTC,1037,13.30000,35.00000,21029395
2023-04-12 02:26:34 UTC,1038,13.30000,35.00000,21151210
2023-04-12 02:28:35 UTC,1039,13.30000,35.10000,21272557
2023-04-12 02:30:36 UTC,1040,13.30000,35.10000,21393910
2023-04-12 02:32:45 UTC,1041,13.30000,35.20000,21519242
2023-04-12 02:34:42 UTC,1042,13.30000,35.10000,21639682
2023-04-12 02:36:44 UTC,1043,13.30000,35.20000,21761018
2023-04-12 02:38:49 UTC,1044,13.30000,35.20000,21886445
2023-04-12 02:40:50 UTC,1045,13.30000,35.20000,22007755
2023-04-12 02:42:52 UTC,1046,13.30000,35.20000,22129243
2023-04-12 02:44:53 UTC,1047,13.30000,35.20000,22250690
2023-04-12 02:46:55 UTC,1048,13.30000,35.30000,22372074
2023-04-12 02:48:56 UTC,1049,13.30000,35.30000,22493448
2023-04-12 02:50:57 UTC,1050,13.20000,35.40000,22614859
2023-04-12 02:52:59 UTC,1051,13.20000,35.50000,22736212
2023-04-12 02:55:00 UTC,1052,13.20000,35.40000,22857628
2023-04-12 02:57:01 UTC,1053,13.20000,35.50000,22978968
2023-04-12 02:59:08 UTC,1054,13.20000,35.40000,23104307
2023-04-12 03:01:09 UTC,1055,13.20000,35.50000,23226414
2023-04-12 03:03:10 UTC,1056,13.20000,35.50000,23347746
2023-04-12 03:05:12 UTC,1057,13.20000,35.50000,23469075
2023-04-12 03:07:13 UTC,1058,13.30000,35.50000,23590443
2023-04-12 03:09:14 UTC,1059,13.20000,35.50000,23711798
2023-04-12 03:11:16 UTC,1060,13.20000,35.60000,23833202
2023-04-12 03:13:17 UTC,1061,13.20000,35.60000,23954585
2023-04-12 03:15:19 UTC,1062,13.20000,35.60000,24076061
2023-04-12 03:17:20 UTC,1063,13.20000,35.70000,24197455
2023-04-12 03:19:21 UTC,1064,13.10000,35.80000,24318835
2023-04-12 03:21:27 UTC,1065,13.10000,35.90000,24444238
2023-04-12 03:23:28 UTC,1066,13.10000,35.90000,24565581
2023-04-12 03:25:29 UTC,1067,13.10000,35.80000,24686916
2023-04-12 03:27:31 UTC,1068,13.10000,35.90000,24808269
2023-04-12 03:29:32 UTC,1069,13.10000,36.00000,24929815
2023-04-12 03:31:34 UTC,1070,13.10000,36.00000,25051247
2023-04-12 03:33:35 UTC,1071,13.10000,36.10000,25172610
2023-04-12 03:35:36 UTC,1072,13.10000,36.10000,25293954
2023-04-12 03:37:38 UTC,1073,13.10000,36.20000,25415268
2023-04-12 03:39:39 UTC,1074,13.10000,36.10000,25536676
2023-04-12 03:41:41 UTC,1075,13.10000,36.10000,25658029
2023-04-12 03:43:42 UTC,1076,13.00000,36.20000,25779363
2023-04-12 03:45:43 UTC,1077,13.00000,36.20000,25900691
2023-04-12 03:47:44 UTC,1078,13.10000,36.30000,26021966
2023-04-12 03:49:46 UTC,1079,13.10000,36.30000,26143281
2023-04-12 03:51:47 UTC,1080,13.00000,36.40000,26264622
2023-04-12 03:53:48 UTC,1081,13.00000,36.40000,26386003
2023-04-12 03:55:50 UTC,1082,13.00000,36.40000,26507278
2023-04-12 03:57:51 UTC,1083,13.10000,36.50000,26628697
2023-04-12 03:59:53 UTC,1084,13.10000,36.50000,26750033
2023-04-12 04:02:02 UTC,1085,13.10000,36.50000,26879367
2023-04-12 04:04:03 UTC,1086,13.10000,36.50000,27000685
2023-04-12 04:06:05 UTC,1087,13.10000,36.50000,27122028
2023-04-12 04:08:06 UTC,1088,13.10000,36.50000,27243317
2023-04-12 04:10:07 UTC,1089,13.10000,36.50000,27364647
2023-04-12 04:12:08 UTC,1090,13.10000,36.50000,27486005
2023-04-12 04:14:18 UTC,1091,13.20000,36.60000,27615399
2023-04-12 04:16:19 UTC,1092,13.10000,36.50000,27736714
2023-04-12 04:18:20 UTC,1093,13.20000,36.60000,27857987
2023-04-12 04:20:22 UTC,1094,13.20000,36.50000,27979316
2023-04-12 04:22:23 UTC,1095,13.20000,36.60000,28100653
2023-04-12 04:24:25 UTC,1096,13.20000,36.60000,28221964
2023-04-12 04:26:26 UTC,1097,13.20000,36.60000,28343401
2023-04-12 04:28:31 UTC,1098,13.20000,36.60000,28468700
2023-04-12 04:30:33 UTC,1099,13.30000,36.70000,28590075
2023-04-12 04:32:34 UTC,1100,13.30000,36.70000,28711370
2023-04-12 04:34:35 UTC,1101,13.30000,36.70000,28832705
2023-04-12 04:36:36 UTC,1102,13.30000,36.60000,28953980
2023-04-12 04:38:38 UTC,1103,13.30000,36.70000,29075323
2023-04-12 04:40:39 UTC,1104,13.30000,36.60000,29196612
2023-04-12 04:42:40 UTC,1105,13.30000,36.70000,29317898
2023-04-12 04:44:42 UTC,1106,13.30000,36.70000,29439167
2023-04-12 04:46:43 UTC,1107,13.40000,36.70000,29560471
2023-04-12 04:48:44 UTC,1108,13.40000,36.80000,29681855
2023-04-12 04:50:46 UTC,1109,13.30000,36.80000,29803126
2023-04-12 04:52:59 UTC,1110,13.40000,36.80000,29936577
2023-04-12 04:55:04 UTC,1111,13.30000,36.90000,30062070
2023-04-12 04:57:06 UTC,1112,13.40000,37.00000,30183349
2023-04-12 04:59:11 UTC,1113,13.40000,36.80000,30308682
2023-04-12 05:01:17 UTC,1114,13.40000,36.80000,30434091
2023-04-12 05:03:18 UTC,1115,13.50000,36.90000,30555419
2023-04-12 05:05:19 UTC,1116,13.50000,36.90000,30676755
2023-04-12 05:07:21 UTC,1117,13.50000,36.90000,30798065
2023-04-12 05:09:22 UTC,1118,13.50000,36.90000,30919419
2023-04-12 05:11:27 UTC,1119,13.50000,36.90000,31044778
2023-04-12 05:13:29 UTC,1120,13.60000,36.80000,31166102
2023-04-12 05:15:30 UTC,1121,13.60000,36.90000,31287516
2023-04-12 05:17:31 UTC,1122,13.70000,36.90000,31408902
2023-04-12 05:19:37 UTC,1123,13.70000,36.90000,31534255
2023-04-12 05:21:38 UTC,1124,13.70000,36.90000,31655689
2023-04-12 05:23:40 UTC,1125,13.70000,36.90000,31776994
2023-04-12 05:25:41 UTC,1126,13.70000,36.80000,31898368
2023-04-12 05:27:42 UTC,1127,13.90000,37.00000,32019745
2023-04-12 05:29:44 UTC,1128,13.80000,37.00000,32141193
2023-04-12 05:31:45 UTC,1129,13.90000,37.00000,32262571
2023-04-12 05:33:46 UTC,1130,13.90000,37.00000,32383934
2023-04-12 05:35:48 UTC,1131,13.90000,37.00000,32505335
2023-04-12 05:37:49 UTC,1132,13.90000,37.00000,32626756
2023-04-12 05:39:51 UTC,1133,14.10000,36.90000,32748103
2023-04-12 05:41:52 UTC,1134,14.00000,37.00000,32869443
2023-04-12 05:43:53 UTC,1135,13.90000,37.00000,32990837
2023-04-12 05:45:55 UTC,1136,13.90000,37.10000,33112194
2023-04-12 05:47:56 UTC,1137,14.10000,37.10000,33233582
2023-04-12 05:49:57 UTC,1138,14.10000,36.90000,33354899
2023-04-12 05:51:59 UTC,1139,14.10000,36.90000,33476277
2023-04-12 05:54:04 UTC,1140,14.20000,37.00000,33601715
2023-04-12 05:56:06 UTC,1141,14.30000,36.90000,33723202
2023-04-12 05:58:07 UTC,1142,14.30000,36.90000,33844567
2023-04-12 06:00:13 UTC,1143,14.30000,36.90000,33970008
2023-04-12 06:02:18 UTC,1144,14.40000,36.90000,34095465
2023-04-12 06:04:19 UTC,1145,14.50000,36.80000,34216871
2023-04-12 06:06:25 UTC,1146,14.60000,36.80000,34342240
2023-04-12 06:08:30 UTC,1147,14.60000,36.70000,34467689
2023-04-12 06:10:32 UTC,1148,14.70000,36.60000,34589028
2023-04-12 06:12:33 UTC,1149,14.70000,36.60000,34710419
2023-04-12 06:14:34 UTC,1150,14.90000,36.60000,34831754
2023-04-12 06:16:36 UTC,1151,14.90000,36.40000,34953239
2023-04-12 06:18:37 UTC,1152,15.00000,36.30000,35074608
2023-04-12 06:20:42 UTC,1153,15.10000,36.30000,35199957
2023-04-12 06:22:44 UTC,1154,15.20000,36.30000,35321297
2023-04-12 06:24:49 UTC,1155,15.30000,36.20000,35446637
2023-04-12 06:26:55 UTC,1156,15.50000,36.00000,35572042
2023-04-12 06:28:56 UTC,1157,15.70000,35.90000,35693441
2023-04-12 06:30:57 UTC,1158,15.70000,35.70000,35814855
2023-04-12 06:32:59 UTC,1159,15.70000,35.70000,35936191
2023-04-12 06:35:00 UTC,1160,15.80000,35.60000,36057650
2023-04-12 06:37:01 UTC,1161,16.00000,35.50000,36179023
2023-04-12 06:39:03 UTC,1162,16.10000,35.30000,36300409
2023-04-12 06:41:08 UTC,1163,16.30000,35.20000,36425912
2023-04-12 06:43:14 UTC,1164,16.50000,35.00000,36551233
2023-04-12 06:45:15 UTC,1165,16.50000,34.90000,36672519
2023-04-12 06:47:19 UTC,1166,16.70000,34.70000,36793870
2023-04-12 06:49:20 UTC,1167,16.90000,34.70000,36917877
2023-04-12 06:51:22 UTC,1168,17.00000,34.50000,37039189
2023-04-12 06:53:23 UTC,1169,17.90000,33.70000,37160531
2023-04-12 06:55:24 UTC,1170,20.10000,31.30000,37281918
2023-04-12 06:57:26 UTC,1171,21.60000,29.00000,37403281
2023-04-12 06:59:27 UTC,1172,22.30000,27.50000,37524699
2023-04-12 07:01:29 UTC,1173,23.00000,26.30000,37646126
2023-04-12 07:03:30 UTC,1174,23.50000,25.30000,37767576
2023-04-12 07:05:34 UTC,1175,23.80000,24.70000,37888954
2023-04-12 07:07:32 UTC,1176,24.20000,24.00000,38009060
2023-04-12 07:09:33 UTC,1177,24.50000,23.50000,38130524
2023-04-12 07:11:34 UTC,1178,24.80000,23.00000,38251976
2023-04-12 07:13:36 UTC,1179,25.00000,22.60000,38373370
2023-04-12 07:15:37 UTC,1180,24.90000,22.50000,38494796
2023-04-12 07:17:43 UTC,1181,24.50000,22.70000,38620166
2023-04-12 07:19:44 UTC,1182,24.00000,23.10000,38741606
2023-04-12 07:21:50 UTC,1183,23.20000,24.20000,38867052
2023-04-12 07:23:51 UTC,1184,22.40000,25.30000,38988499
2023-04-12 07:25:52 UTC,1185,21.80000,26.30000,39109883
2023-04-12 07:27:54 UTC,1186,21.70000,26.70000,39231229
2023-04-12 07:29:55 UTC,1187,21.80000,26.60000,39352564
2023-04-12 07:31:56 UTC,1188,21.90000,26.70000,39473921
2023-04-12 07:33:58 UTC,1189,21.80000,26.80000,39595365
2023-04-12 07:35:59 UTC,1190,21.90000,26.80000,39716835
2023-04-12 07:38:01 UTC,1191,21.90000,26.70000,39838251
2023-04-12 07:40:02 UTC,1192,22.10000,26.60000,39959793
2023-04-12 07:42:04 UTC,1193,22.20000,26.50000,40081230
2023-04-12 07:44:05 UTC,1194,22.30000,26.40000,40202613
2023-04-12 07:46:07 UTC,1195,22.50000,26.20000,40323996
2023-04-12 07:48:08 UTC,1196,22.70000,26.20000,40445463
2023-04-12 07:50:13 UTC,1197,22.90000,25.90000,40570901
2023-04-12 07:52:15 UTC,1198,23.10000,25.80000,40692372
2023-04-12 07:54:16 UTC,1199,23.10000,25.70000,40813784
2023-04-12 07:56:18 UTC,1200,23.30000,25.50000,40935148
2023-04-12 07:58:19 UTC,1201,23.60000,25.20000,41056550
2023-04-12 08:00:21 UTC,1202,23.80000,25.00000,41178024
2023-04-12 08:02:22 UTC,1203,23.90000,24.80000,41299417
2023-04-12 08:04:23 UTC,1204,23.90000,24.80000,41420779
2023-04-12 08:06:25 UTC,1205,24.00000,24.70000,41542169
2023-04-12 08:08:26 UTC,1206,24.10000,24.60000,41663543
2023-04-12 08:10:27 UTC,1207,24.30000,24.50000,41785004
2023-04-12 08:12:29 UTC,1208,24.50000,24.30000,41906345
2023-04-12 08:14:30 UTC,1209,24.70000,24.10000,42027737
2023-04-12 08:16:32 UTC,1210,24.90000,23.90000,42149154
2023-04-12 08:18:33 UTC,1211,24.90000,23.80000,42270552
2023-04-12 08:20:34 UTC,1212,25.00000,23.70000,42391946
2023-04-12 08:22:36 UTC,1213,25.30000,23.30000,42513356
2023-04-12 08:24:37 UTC,1214,25.60000,23.20000,42634789
2023-04-12 08:26:39 UTC,1215,25.70000,23.00000,42756137
2023-04-12 08:28:40 UTC,1216,25.80000,23.00000,42877476
2023-04-12 08:30:41 UTC,1217,25.90000,22.80000,42998838
2023-04-12 08:32:43 UTC,1218,26.00000,22.70000,43120247
2023-04-12 08:34:44 UTC,1219,26.30000,22.50000,43241670
2023-04-12 08:36:46 UTC,1220,26.50000,22.20000,43363059
2023-04-12 08:38:47 UTC,1221,26.60000,22.30000,43484487
2023-04-12 08:40:48 UTC,1222,26.90000,22.00000,43605894
2023-04-12 08:42:50 UTC,1223,27.20000,21.80000,43727351
2023-04-12 08:44:51 UTC,1224,27.20000,21.60000,43848720
2023-04-12 08:46:53 UTC,1225,27.50000,21.40000,43970171
2023-04-12 08:48:54 UTC,1226,27.80000,21.20000,44091640
2023-04-12 08:51:00 UTC,1227,28.10000,20.80000,44217091
2023-04-12 08:53:01 UTC,1228,28.40000,20.50000,44338433
2023-04-12 08:55:02 UTC,1229,28.20000,20.50000,44459816
2023-04-12 08:57:04 UTC,1230,27.90000,20.60000,44581210
2023-04-12 08:59:05 UTC,1231,28.00000,20.50000,44702546
2023-04-12 09:01:07 UTC,1232,28.40000,20.20000,44823952
2023-04-12 09:03:08 UTC,1233,28.90000,19.70000,44945432
2023-04-12 09:05:09 UTC,1234,29.20000,19.60000,45066810
2023-04-12 09:07:11 UTC,1235,29.40000,19.40000,45188258
2023-04-12 09:09:12 UTC,1236,29.60000,19.10000,45309644
2023-04-12 09:11:14 UTC,1237,30.00000,18.90000,45431060
2023-04-12 09:13:15 UTC,1238,30.20000,18.70000,45552427
2023-04-12 09:15:16 UTC,1239,31.10000,18.30000,45673835
2023-04-12 09:17:18 UTC,1240,35.20000,14.60000,45795288
2023-04-12 09:19:23 UTC,1241,37.20000,12.20000,45920725
2023-04-12 09:21:25 UTC,1242,38.00000,11.20000,46042146
2023-04-12 09:23:26 UTC,1243,38.50000,10.50000,46163559
2023-04-12 09:25:27 UTC,1244,38.50000,10.30000,46285004
2023-04-12 09:27:29 UTC,1245,37.90000,10.60000,46406407
2023-04-12 09:29:31 UTC,1246,38.20000,10.20000,46528289
2023-04-12 09:31:32 UTC,1247,37.90000,10.20000,46649711
2023-04-12 09:33:34 UTC,1248,37.20000,10.70000,46771139
2023-04-12 09:35:35 UTC,1249,37.10000,10.70000,46892528
2023-04-12 09:37:36 UTC,1250,36.70000,10.70000,47013963
2023-04-12 09:39:38 UTC,1251,36.80000,11.20000,47135358
2023-04-12 09:41:39 UTC,1252,37.70000,10.60000,47256731
2023-04-12 09:43:41 UTC,1253,38.30000,10.40000,47378153
2023-04-12 09:45:42 UTC,1254,38.10000,10.50000,47499558
2023-04-12 09:47:44 UTC,1255,37.60000,10.60000,47621023
2023-04-12 09:49:45 UTC,1256,38.10000,10.20000,47742428
2023-04-12 09:51:46 UTC,1257,38.70000,10.00000,47863816
2023-04-12 09:53:48 UTC,1258,38.70000,10.10000,47985322
2023-04-12 09:55:49 UTC,1259,38.60000,10.10000,48106774
2023-04-12 09:57:51 UTC,1260,39.10000,10.00000,48228221
2023-04-12 09:59:52 UTC,1261,39.30000,10.00000,48349592
2023-04-12 10:01:54 UTC,1262,39.50000,10.00000,48470970
2023-04-12 10:03:55 UTC,1263,39.70000,10.00000,48592342
2023-04-12 10:05:56 UTC,1264,40.10000,10.00000,48713769
2023-04-12 10:07:58 UTC,1265,40.10000,10.00000,48835146
2023-04-12 10:09:59 UTC,1266,38.30000,10.00000,48956517
2023-04-12 10:12:00 UTC,1267,38.30000,10.00000,49077868
2023-04-12 10:14:02 UTC,1268,36.90000,10.70000,49199319
2023-04-12 10:16:03 UTC,1269,36.70000,10.80000,49320694
2023-04-12 10:18:05 UTC,1270,36.30000,10.90000,49442100
2023-04-12 10:20:06 UTC,1271,36.00000,11.00000,49563560
2023-04-12 10:22:07 UTC,1272,37.00000,10.50000,49684917
2023-04-12 10:24:09 UTC,1273,37.30000,10.30000,49806329
2023-04-12 10:26:10 UTC,1274,35.20000,11.30000,49927902
2023-04-12 10:28:12 UTC,1275,33.70000,12.30000,50049243
2023-04-12 10:30:13 UTC,1276,32.60000,13.10000,50170690
2023-04-12 10:32:15 UTC,1277,31.70000,13.70000,50292203
2023-04-12 10:34:16 UTC,1278,31.30000,14.10000,50413589
2023-04-12 10:36:18 UTC,1279,31.20000,14.30000,50534997
2023-04-12 10:38:23 UTC,1280,30.50000,14.80000,50660416
2023-04-12 10:40:24 UTC,1281,29.90000,15.20000,50781774
2023-04-12 10:42:30 UTC,1282,29.40000,15.50000,50907219
2023-04-12 10:44:31 UTC,1283,28.80000,16.00000,51028651
2023-04-12 10:46:37 UTC,1284,28.50000,16.30000,51154107
2023-04-12 10:48:38 UTC,1285,28.20000,16.60000,51275560
2023-04-12 10:50:39 UTC,1286,27.80000,17.00000,51396899
2023-04-12 10:52:41 UTC,1287,27.30000,17.30000,51518259
2023-04-12 10:54:42 UTC,1288,27.10000,17.50000,51639726
2023-04-12 10:56:44 UTC,1289,26.70000,17.70000,51761073
2023-04-12 10:58:45 UTC,1290,26.70000,17.90000,51882472
2023-04-12 11:00:46 UTC,1291,26.50000,18.10000,52003840
2023-04-12 11:02:48 UTC,1292,26.40000,18.10000,52125223
2023-04-12 11:04:49 UTC,1293,26.40000,18.10000,52246550
2023-04-12 11:06:50 UTC,1294,26.40000,18.10000,52367892
2023-04-12 11:08:53 UTC,1295,26.30000,18.30000,52489235
2023-04-12 11:10:54 UTC,1296,26.40000,18.30000,52611609
2023-04-12 11:12:56 UTC,1297,26.40000,18.30000,52733047
2023-04-12 11:14:57 UTC,1298,26.80000,18.00000,52854399
2023-04-12 11:17:01 UTC,1299,26.90000,18.00000,52975771
2023-04-12 11:19:06 UTC,1300,27.00000,18.00000,53103715
2023-04-12 11:21:08 UTC,1301,27.10000,18.00000,53225103
2023-04-12 11:23:09 UTC,1302,27.10000,17.90000,53346547
2023-04-12 11:25:10 UTC,1303,27.20000,17.90000,53467884
2023-04-12 11:27:12 UTC,1304,27.20000,17.90000,53589257
2023-04-12 11:29:13 UTC,1305,27.40000,17.70000,53710617
2023-04-12 11:31:15 UTC,1306,27.80000,17.50000,53831974
2023-04-12 11:33:16 UTC,1307,28.00000,17.30000,53953348
2023-04-12 11:35:17 UTC,1308,28.30000,17.20000,54074769
2023-04-12 11:37:19 UTC,1309,28.60000,17.10000,54196091
2023-04-12 11:39:20 UTC,1310,28.90000,16.80000,54317427
2023-04-12 11:41:24 UTC,1311,29.60000,16.50000,54438785
2023-04-12 11:43:22 UTC,1312,30.10000,16.10000,54558985
2023-04-12 11:45:23 UTC,1313,30.10000,16.10000,54680419
2023-04-12 11:47:24 UTC,1314,30.40000,15.80000,54801875
2023-04-12 11:49:26 UTC,1315,30.80000,15.30000,54923299
2023-04-12 11:51:28 UTC,1316,31.20000,15.00000,55045151
2023-04-12 11:53:29 UTC,1317,31.50000,14.60000,55166585
2023-04-12 11:55:31 UTC,1318,31.80000,14.50000,55288011
2023-04-12 11:57:33 UTC,1319,32.20000,14.10000,55410074
2023-04-12 11:59:34 UTC,1320,32.50000,13.80000,55531475
2023-04-12 12:01:35 UTC,1321,32.70000,13.60000,55652838
2023-04-12 12:03:37 UTC,1322,33.00000,13.40000,55774184
2023-04-12 12:05:38 UTC,1323,33.10000,13.10000,55895584
2023-04-12 12:07:40 UTC,1324,33.30000,13.10000,56017430
2023-04-12 12:09:41 UTC,1325,33.40000,13.00000,56138876
2023-04-12 12:11:43 UTC,1326,33.30000,13.10000,56260240
2023-04-12 12:13:44 UTC,1327,33.00000,13.20000,56381653
2023-04-12 12:15:46 UTC,1328,32.70000,13.30000,56503104
2023-04-12 12:17:47 UTC,1329,32.20000,13.60000,56624563
2023-04-12 12:19:49 UTC,1330,31.60000,14.00000,56746003
2023-04-12 12:21:50 UTC,1331,31.10000,14.20000,56867324
2023-04-12 12:23:51 UTC,1332,30.70000,14.60000,56988760
2023-04-12 12:25:53 UTC,1333,29.90000,15.20000,57110111
2023-04-12 12:27:54 UTC,1334,29.80000,15.50000,57231492
2023-04-12 12:29:56 UTC,1335,29.30000,15.80000,57352933
2023-04-12 12:31:57 UTC,1336,30.30000,15.50000,57474388
2023-04-12 12:33:58 UTC,1337,32.10000,14.30000,57595835
2023-04-12 12:36:04 UTC,1338,33.70000,13.20000,57721238
2023-04-12 12:38:06 UTC,1339,34.70000,12.70000,57842632
2023-04-12 12:40:07 UTC,1340,35.70000,12.30000,57964505
2023-04-12 12:42:09 UTC,1341,36.30000,11.70000,58085899
2023-04-12 12:44:10 UTC,1342,37.00000,11.40000,58207305
2023-04-12 12:46:11 UTC,1343,37.30000,11.30000,58328683
2023-04-12 12:48:13 UTC,1344,37.70000,10.80000,58450078
2023-04-12 12:50:14 UTC,1345,38.00000,10.60000,58571471
2023-04-12 12:52:15 UTC,1346,38.50000,10.30000,58692843
2023-04-12 12:54:17 UTC,1347,38.70000,10.20000,58814237
2023-04-12 12:56:18 UTC,1348,38.80000,10.10000,58935615
2023-04-12 12:58:20 UTC,1349,38.90000,10.00000,59056970
2023-04-12 13:00:21 UTC,1350,38.60000,10.00000,59178375
2023-04-12 13:02:22 UTC,1351,38.00000,10.30000,59299807
2023-04-12 13:04:24 UTC,1352,37.80000,10.30000,59421196
2023-04-12 13:06:25 UTC,1353,37.20000,10.60000,59542631
2023-04-12 13:08:27 UTC,1354,37.60000,10.20000,59664103
2023-04-12 13:10:28 UTC,1355,37.80000,10.20000,59785580
2023-04-12 13:12:30 UTC,1356,38.10000,10.10000,59906970
2023-04-12 13:14:35 UTC,1357,38.10000,10.10000,60032342
2023-04-12 13:16:36 UTC,1358,37.70000,10.20000,60153722
2023-04-12 13:18:38 UTC,1359,37.60000,10.20000,60275143
2023-04-12 13:20:39 UTC,1360,37.50000,10.20000,60396504
2023-04-12 13:22:40 UTC,1361,37.60000,10.10000,60517858
2023-04-12 13:24:42 UTC,1362,38.00000,10.00000,60639265
2023-04-12 13:26:43 UTC,1363,38.10000,10.00000,60760632
2023-04-12 13:28:45 UTC,1364,37.70000,10.00000,60882031
2023-04-12 13:30:46 UTC,1365,37.70000,10.00000,61003446
2023-04-12 13:32:48 UTC,1366,34.60000,11.00000,61124887
2023-04-12 13:34:49 UTC,1367,32.80000,12.30000,61246263
2023-04-12 13:36:50 UTC,1368,32.20000,12.70000,61367668
2023-04-12 13:38:52 UTC,1369,31.60000,13.00000,61489023
2023-04-12 13:40:53 UTC,1370,30.50000,13.80000,61610398
2023-04-12 13:42:54 UTC,1371,30.80000,13.60000,61731740
2023-04-12 13:44:56 UTC,1372,30.70000,13.70000,61853168
2023-04-12 13:46:57 UTC,1373,31.00000,13.60000,61974590
2023-04-12 13:48:59 UTC,1374,30.90000,13.80000,62096015
2023-04-12 13:51:00 UTC,1375,31.00000,13.80000,62217446
2023-04-12 13:53:01 UTC,1376,30.60000,13.80000,62338888
2023-04-12 13:55:04 UTC,1377,30.20000,14.10000,62460234
2023-04-12 13:57:08 UTC,1378,31.60000,13.30000,62582526
2023-04-12 13:59:06 UTC,1379,32.10000,13.10000,62702980
2023-04-12 14:01:07 UTC,1380,32.20000,12.80000,62824336
2023-04-12 14:03:09 UTC,1381,31.80000,13.40000,62945764
2023-04-12 14:05:14 UTC,1382,32.70000,12.80000,63071286
2023-04-12 14:07:15 UTC,1383,32.60000,12.70000,63192624
2023-04-12 14:09:21 UTC,1384,32.70000,12.50000,63318069
2023-04-12 14:11:22 UTC,1385,32.40000,12.60000,63439511
2023-04-12 14:13:26 UTC,1386,32.00000,12.90000,63560897
2023-04-12 14:15:27 UTC,1387,30.90000,13.40000,63684822
2023-04-12 14:17:29 UTC,1388,31.20000,13.40000,63806163
2023-04-12 14:19:30 UTC,1389,31.30000,13.20000,63927553
2023-04-12 14:21:32 UTC,1390,31.00000,13.30000,64048953
2023-04-12 14:23:33 UTC,1391,31.30000,13.20000,64170368
2023-04-12 14:25:34 UTC,1392,30.90000,13.50000,64291707
2023-04-12 14:27:36 UTC,1393,30.90000,13.40000,64413076
2023-04-12 14:29:37 UTC,1394,30.60000,13.30000,64534468
2023-04-12 14:31:38 UTC,1395,30.00000,13.80000,64655852
2023-04-12 14:33:40 UTC,1396,30.30000,13.60000,64777213
2023-04-12 14:35:41 UTC,1397,29.60000,14.00000,64898601
2023-04-12 14:37:43 UTC,1398,29.30000,14.10000,65020004
2023-04-12 14:39:44 UTC,1399,29.20000,14.10000,65141496
2023-04-12 14:41:46 UTC,1400,29.10000,14.30000,65262937
2023-04-12 14:43:47 UTC,1401,28.60000,14.50000,65384404
2023-04-12 14:45:53 UTC,1402,28.60000,14.40000,65509845
2023-04-12 14:47:54 UTC,1403,28.40000,14.70000,65631279
2023-04-12 14:49:56 UTC,1404,29.00000,14.60000,65752779
2023-04-12 14:51:57 UTC,1405,29.50000,14.30000,65874462
2023-04-12 14:53:59 UTC,1406,29.70000,14.20000,65995883
2023-04-12 14:56:04 UTC,1407,29.60000,14.20000,66121390
2023-04-12 14:58:06 UTC,1408,29.20000,14.40000,66242860
2023-04-12 15:00:07 UTC,1409,28.90000,14.40000,66364257
2023-04-12 15:02:08 UTC,1410,28.80000,14.40000,66485641
2023-04-12 15:04:10 UTC,1411,28.80000,14.50000,66607079
2023-04-12 15:06:11 UTC,1412,29.20000,14.40000,66728499
2023-04-12 15:08:13 UTC,1413,28.90000,14.50000,66849923
2023-04-12 15:10:14 UTC,1414,27.90000,14.70000,66971321
2023-04-12 15:12:15 UTC,1415,27.40000,15.10000,67092763
2023-04-12 15:14:17 UTC,1416,28.30000,14.80000,67214212
2023-04-12 15:16:18 UTC,1417,28.20000,14.90000,67335747
2023-04-12 15:18:20 UTC,1418,27.80000,15.00000,67457208
2023-04-12 15:20:21 UTC,1419,27.30000,15.30000,67578712
2023-04-12 15:22:27 UTC,1420,27.40000,15.20000,67704092
2023-04-12 15:24:28 UTC,1421,27.10000,15.40000,67825520
2023-04-12 15:26:34 UTC,1422,27.20000,15.40000,67950985
2023-04-12 15:28:35 UTC,1423,26.50000,15.60000,68072527
2023-04-12 15:30:37 UTC,1424,26.00000,16.00000,68194012
2023-04-12 15:32:38 UTC,1425,25.70000,16.30000,68315345
2023-04-12 15:34:40 UTC,1426,25.30000,16.50000,68436840
2023-04-12 15:36:41 UTC,1427,24.90000,16.90000,68558211
2023-04-12 15:38:42 UTC,1428,24.90000,17.00000,68679592
2023-04-12 15:40:44 UTC,1429,24.70000,17.10000,68800982
2023-04-12 15:42:45 UTC,1430,24.40000,17.50000,68922381
2023-04-12 15:44:46 UTC,1431,23.90000,17.80000,69043770
2023-04-12 15:46:48 UTC,1432,23.90000,18.20000,69165175
2023-04-12 15:48:49 UTC,1433,23.80000,18.40000,69286640
2023-04-12 15:50:51 UTC,1434,23.40000,18.80000,69408028
2023-04-12 15:52:52 UTC,1435,23.30000,18.90000,69529499
2023-04-12 15:54:54 UTC,1436,23.20000,18.80000,69650916
2023-04-12 15:56:55 UTC,1437,23.10000,19.00000,69772382
2023-04-12 15:58:57 UTC,1438,22.90000,19.20000,69893825
2023-04-12 16:00:58 UTC,1439,22.80000,19.30000,70015222
2023-04-12 16:02:59 UTC,1440,22.60000,19.70000,70136599
2023-04-12 16:05:01 UTC,1441,22.50000,20.00000,70258000
2023-04-12 16:07:06 UTC,1442,22.20000,20.40000,70383418
2023-04-12 16:09:07 UTC,1443,22.10000,20.50000,70504793
2023-04-12 16:11:13 UTC,1444,21.90000,20.70000,70630087
2023-04-12 16:13:15 UTC,1445,21.80000,21.00000,70751952
2023-04-12 16:15:16 UTC,1446,21.70000,21.20000,70873346
2023-04-12 16:17:17 UTC,1447,21.60000,21.30000,70994646
2023-04-12 16:19:19 UTC,1448,21.40000,21.50000,71115963
2023-04-12 16:21:20 UTC,1449,21.30000,21.70000,71237335
2023-04-12 16:23:21 UTC,1450,21.10000,22.00000,71358648
2023-04-12 16:25:23 UTC,1451,20.90000,22.20000,71480025
2023-04-12 16:27:25 UTC,1452,20.90000,22.40000,71601409
2023-04-12 16:29:26 UTC,1453,20.80000,22.60000,71723537
2023-04-12 16:31:28 UTC,1454,20.60000,22.90000,71844985
2023-04-12 16:33:29 UTC,1455,20.50000,23.10000,71966397
2023-04-12 16:35:30 UTC,1456,20.40000,23.40000,72087772
2023-04-12 16:37:33 UTC,1457,20.30000,23.70000,72209117
2023-04-12 16:39:34 UTC,1458,20.20000,23.90000,72331462
2023-04-12 16:41:36 UTC,1459,22.10000,26.40000,72452867
2023-04-12 16:43:37 UTC,1460,23.30000,25.10000,72574291
2023-04-12 16:45:38 UTC,1461,24.00000,24.40000,72695758
2023-04-12 16:47:40 UTC,1462,24.40000,23.80000,72817107
2023-04-12 16:49:41 UTC,1463,24.70000,23.70000,72938532
2023-04-12 16:51:43 UTC,1464,24.90000,23.30000,73059873
2023-04-12 16:53:44 UTC,1465,25.00000,23.10000,73181350
2023-04-12 16:55:46 UTC,1466,25.10000,23.00000,73302769
2023-04-12 16:57:47 UTC,1467,25.20000,23.10000,73424183
2023-04-12 17:03:55 UTC,1468,25.40000,22.60000,73792491
2023-04-12 17:05:57 UTC,1469,25.40000,22.50000,73914003
2023-04-12 17:08:02 UTC,1470,25.40000,22.40000,74039432
2023-04-12 17:10:04 UTC,1471,25.60000,22.40000,74160890
2023-04-12 17:12:05 UTC,1472,25.60000,22.40000,74282260
2023-04-12 17:14:06 UTC,1473,25.60000,22.30000,74403684
2023-04-12 17:16:08 UTC,1474,25.70000,22.30000,74525056
2023-04-12 17:18:09 UTC,1475,25.70000,22.20000,74646482
2023-04-12 17:20:11 UTC,1476,25.70000,22.20000,74767914
2023-04-12 17:22:12 UTC,1477,25.80000,22.20000,74889409
2023-04-12 17:24:14 UTC,1478,25.80000,22.20000,75010849
2023-04-12 17:26:15 UTC,1479,25.80000,22.30000,75132280
2023-04-12 17:28:16 UTC,1480,25.90000,22.30000,75253649
2023-04-12 17:30:18 UTC,1481,25.90000,22.10000,75375035
2023-04-12 17:32:19 UTC,1482,25.90000,22.10000,75496402
2023-04-12 17:34:21 UTC,1483,25.90000,22.00000,75617773
2023-04-12 17:36:22 UTC,1484,25.90000,21.90000,75739203
2023-04-12 17:39:13 UTC,1485,26.00000,22.00000,121764
2023-04-12 17:41:15 UTC,1486,26.00000,22.10000,243239
2023-04-12 17:43:16 UTC,1487,26.00000,21.90000,364648
2023-04-12 17:45:17 UTC,1488,26.00000,21.90000,486032
2023-04-12 17:47:19 UTC,1489,26.00000,21.90000,607553
2023-04-12 17:49:20 UTC,1490,26.00000,22.00000,729109
2023-04-12 17:51:22 UTC,1491,26.00000,22.00000,850584
2023-04-12 17:53:23 UTC,1492,26.00000,21.90000,971994
2023-04-12 17:55:25 UTC,1493,26.00000,21.80000,1093583
2023-04-12 17:57:30 UTC,1494,26.00000,21.90000,1219124
2023-04-12 17:59:32 UTC,1495,26.00000,21.80000,1340466
2023-04-12 18:01:37 UTC,1496,26.00000,21.80000,1465804
2023-04-12 18:03:39 UTC,1497,26.00000,21.70000,1587320
2023-04-12 18:05:40 UTC,1498,26.00000,21.70000,1708876
2023-04-12 18:07:42 UTC,1499,26.00000,21.70000,1830448
2023-04-12 18:09:43 UTC,1500,25.90000,21.70000,1952005
2023-04-12 18:32:10 UTC,1501,23.20000,21.00000,121755
2023-04-12 18:34:12 UTC,1502,21.30000,22.70000,243118
2023-04-12 18:36:13 UTC,1503,20.30000,23.70000,364423
2023-04-12 18:38:14 UTC,1504,19.70000,24.30000,485750
2023-04-12 18:40:16 UTC,1505,19.40000,24.90000,607103
2023-04-12 18:42:17 UTC,1506,19.20000,25.10000,728459
2023-04-12 18:44:19 UTC,1507,19.00000,25.40000,849769
2023-04-12 18:46:20 UTC,1508,18.90000,25.60000,971181
2023-04-12 18:48:21 UTC,1509,18.80000,25.70000,1092519
2023-04-12 18:50:31 UTC,1510,18.80000,25.80000,1221894
2023-04-12 18:52:36 UTC,1511,18.70000,25.90000,1347263
2023-04-12 18:54:37 UTC,1512,18.60000,26.00000,1468610
2023-04-12 18:56:39 UTC,1513,18.70000,26.00000,1589885
2023-04-12 18:58:44 UTC,1514,18.50000,26.20000,1715190
2023-04-12 19:00:49 UTC,1515,18.50000,26.30000,1840516
2023-04-12 19:02:51 UTC,1516,18.40000,26.40000,1961833
2023-04-12 19:04:56 UTC,1517,18.50000,26.50000,2087173
2023-04-12 19:06:57 UTC,1518,18.40000,26.50000,2208476
2023-04-12 19:08:59 UTC,1519,18.40000,26.60000,2329806
2023-04-12 19:11:00 UTC,1520,18.40000,26.70000,2451143
2023-04-12 19:13:01 UTC,1521,18.30000,26.80000,2572440
2023-04-12 19:15:02 UTC,1522,18.40000,26.80000,2693761
2023-04-12 19:17:04 UTC,1523,18.30000,26.90000,2815087
2023-04-12 19:19:05 UTC,1524,18.20000,27.00000,2936400
2023-04-12 19:21:10 UTC,1525,18.20000,27.10000,3061767
2023-04-12 19:23:12 UTC,1526,18.10000,27.10000,3183117
2023-04-12 19:25:13 UTC,1527,18.10000,27.20000,3304391
2023-04-12 19:27:15 UTC,1528,18.10000,27.20000,3425844
2023-04-12 19:29:16 UTC,1529,18.10000,27.30000,3547136
2023-04-12 19:31:17 UTC,1530,18.10000,27.30000,3668464
2023-04-12 19:33:19 UTC,1531,18.00000,27.30000,3789840
2023-04-12 19:35:20 UTC,1532,18.00000,27.40000,3911159
2023-04-12 19:37:25 UTC,1533,18.00000,27.60000,4036525
2023-04-12 19:39:27 UTC,1534,18.00000,27.60000,4157863
2023-04-12 19:41:28 UTC,1535,18.00000,27.70000,4279187
2023-04-12 19:43:30 UTC,1536,17.90000,27.70000,4400491
2023-04-12 19:45:31 UTC,1537,17.80000,27.80000,4522458
2023-04-12 19:47:33 UTC,1538,17.80000,27.90000,4643803
2023-04-12 19:49:34 UTC,1539,17.70000,28.00000,4765105
2023-04-12 19:51:43 UTC,1540,17.60000,28.30000,4894469
2023-04-12 19:53:45 UTC,1541,17.60000,28.30000,5015786
2023-04-12 19:55:46 UTC,1542,17.50000,28.40000,5137099
2023-04-12 19:57:47 UTC,1543,17.40000,28.60000,5258440
2023-04-12 19:59:48 UTC,1544,17.40000,28.70000,5379719
2023-04-12 20:01:50 UTC,1545,17.40000,28.80000,5501015
2023-04-12 20:03:51 UTC,1546,17.40000,28.90000,5622319
2023-04-12 20:05:52 UTC,1547,17.30000,28.90000,5743613
2023-04-12 20:07:54 UTC,1548,17.30000,29.00000,5864940
2023-04-12 20:09:55 UTC,1549,17.30000,29.10000,5986277
2023-04-12 20:11:56 UTC,1550,17.20000,29.10000,6107586
2023-04-12 20:13:58 UTC,1551,17.20000,29.20000,6228942
2023-04-12 20:15:59 UTC,1552,17.20000,29.30000,6350238
2023-04-12 20:18:00 UTC,1553,17.10000,29.30000,6471553
2023-04-12 20:20:02 UTC,1554,17.10000,29.50000,6592853
2023-04-12 20:22:03 UTC,1555,17.10000,29.60000,6714142
2023-04-12 20:24:04 UTC,1556,17.10000,29.60000,6835457
2023-04-12 20:26:05 UTC,1557,17.00000,29.70000,6956780
2023-04-12 20:28:07 UTC,1558,17.00000,29.80000,7078085
2023-04-12 20:30:08 UTC,1559,16.90000,29.80000,7199394
2023-04-12 20:32:09 UTC,1560,16.90000,29.90000,7320744
2023-04-12 20:34:11 UTC,1561,17.00000,29.90000,7442056
2023-04-12 20:36:12 UTC,1562,17.00000,29.90000,7563362
2023-04-12 20:38:13 UTC,1563,17.00000,29.90000,7684712
2023-04-12 20:40:15 UTC,1564,17.00000,30.00000,7806095
2023-04-12 20:42:16 UTC,1565,17.00000,30.00000,7927403
2023-04-12 20:44:18 UTC,1566,16.90000,30.00000,8048748
2023-04-12 20:46:19 UTC,1567,16.90000,30.10000,8170092
2023-04-12 20:48:20 UTC,1568,16.90000,30.00000,8291428
2023-04-12 20:50:21 UTC,1569,16.90000,30.10000,8412730
2023-04-12 20:52:23 UTC,1570,16.90000,30.10000,8534057
2023-04-12 20:54:24 UTC,1571,16.90000,30.20000,8655375
2023-04-12 20:56:25 UTC,1572,16.90000,30.20000,8776682
2023-04-12 20:58:27 UTC,1573,16.90000,30.10000,8898018
2023-04-12 21:00:28 UTC,1574,16.90000,30.10000,9019403
2023-04-12 21:02:29 UTC,1575,16.90000,30.10000,9140720
2023-04-12 21:04:31 UTC,1576,16.90000,30.00000,9262067
2023-04-12 21:06:32 UTC,1577,16.90000,30.10000,9383411
2023-04-12 21:08:33 UTC,1578,16.90000,30.10000,9504714
2023-04-12 21:10:35 UTC,1579,16.90000,30.10000,9626000
2023-04-12 21:12:40 UTC,1580,16.90000,30.20000,9751366
2023-04-12 21:14:41 UTC,1581,16.80000,30.20000,9872681
2023-04-12 21:16:47 UTC,1582,16.90000,30.30000,9998026
2023-04-12 21:18:48 UTC,1583,16.80000,30.30000,10119338
2023-04-12 21:20:49 UTC,1584,16.80000,30.30000,10240710
2023-04-12 21:22:51 UTC,1585,16.80000,30.40000,10362003
2023-04-12 21:24:52 UTC,1586,16.80000,30.40000,10483344
2023-04-12 21:26:53 UTC,1587,16.80000,30.50000,10604681
2023-04-12 21:28:55 UTC,1588,16.80000,30.60000,10725996
2023-04-12 21:30:56 UTC,1589,16.80000,30.70000,10847310
2023-04-12 21:32:57 UTC,1590,16.80000,31.00000,10968622
2023-04-12 21:34:59 UTC,1591,16.80000,31.00000,11089969
2023-04-12 21:37:00 UTC,1592,16.70000,31.10000,11211278
2023-04-12 21:39:01 UTC,1593,16.70000,31.30000,11332590
2023-04-12 21:41:03 UTC,1594,16.60000,31.50000,11453914
2023-04-12 21:43:04 UTC,1595,16.50000,31.60000,11575245
2023-04-12 21:45:09 UTC,1596,16.40000,31.80000,11700549
2023-04-12 21:47:15 UTC,1597,16.50000,31.90000,11825993
2023-04-12 21:49:16 UTC,1598,16.50000,31.80000,11947303
2023-04-12 21:51:17 UTC,1599,16.40000,32.00000,12068553
2023-04-12 21:53:31 UTC,1600,16.30000,32.30000,12201774
2023-04-12 21:55:40 UTC,1601,16.30000,32.50000,12330907
2023-04-12 21:57:41 UTC,1602,16.20000,32.70000,12452043
2023-04-12 21:59:42 UTC,1603,16.20000,33.00000,12573169
2023-04-12 22:01:47 UTC,1604,16.20000,33.10000,12698318
2023-04-12 22:03:56 UTC,1605,16.10000,33.40000,12827493
2023-04-12 22:06:22 UTC,1606,16.00000,33.70000,12972752
2023-04-12 22:08:27 UTC,1607,16.10000,34.10000,13097979
2023-04-12 22:10:28 UTC,1608,16.00000,34.20000,13219124
2023-04-12 22:12:29 UTC,1609,16.10000,34.40000,13340374
2023-04-12 22:14:38 UTC,1610,16.10000,34.30000,13469606
2023-04-12 22:16:39 UTC,1611,16.10000,34.50000,13590729
2023-04-12 22:18:45 UTC,1612,16.10000,34.50000,13715884
2023-04-12 22:20:46 UTC,1613,16.10000,34.40000,13837117
2023-04-12 22:22:55 UTC,1614,16.10000,34.30000,13966353
2023-04-12 22:24:56 UTC,1615,16.10000,34.10000,14087521
2023-04-12 22:27:01 UTC,1616,16.10000,34.00000,14212692
2023-04-12 22:29:11 UTC,1617,16.10000,33.70000,14341866
2023-04-12 22:31:32 UTC,1618,16.10000,33.50000,14483078
2023-04-12 22:34:21 UTC,1619,16.00000,33.20000,14652425
2023-04-12 22:36:58 UTC,1620,16.00000,33.00000,14809759
2023-04-12 22:39:04 UTC,1621,16.10000,32.80000,14934868
2023-04-12 22:41:09 UTC,1622,16.00000,32.60000,15060007
2023-04-12 22:43:14 UTC,1623,16.00000,32.50000,15185130
2023-04-12 22:45:55 UTC,1624,16.00000,32.40000,15346410
2023-04-12 22:48:04 UTC,1625,16.00000,32.20000,15475549
2023-04-12 22:50:05 UTC,1626,15.90000,32.10000,15596634
2023-04-12 22:52:11 UTC,1627,15.90000,32.00000,15721918
2023-04-12 22:54:12 UTC,1628,15.90000,31.90000,15843202
2023-04-12 22:56:13 UTC,1629,15.90000,31.90000,15964533
2023-04-12 22:58:15 UTC,1630,15.90000,31.80000,16085897
2023-04-12 23:00:16 UTC,1631,15.90000,31.80000,16207234
2023-04-12 23:02:17 UTC,1632,15.90000,31.70000,16328604
2023-04-12 23:04:19 UTC,1633,15.90000,31.60000,16449958
2023-04-12 23:06:20 UTC,1634,15.90000,31.60000,16571272
2023-04-12 23:08:21 UTC,1635,15.80000,31.70000,16692638
2023-04-12 23:10:23 UTC,1636,15.80000,31.70000,16813968
2023-04-12 23:12:24 UTC,1637,15.80000,31.70000,16935310
2023-04-12 23:14:29 UTC,1638,15.80000,31.80000,17060674
2023-04-12 23:16:31 UTC,1639,15.70000,31.70000,17182027
2023-04-12 23:18:32 UTC,1640,15.70000,31.60000,17303376
2023-04-12 23:20:33 UTC,1641,15.60000,31.60000,17424694
2023-04-12 23:22:39 UTC,1642,15.60000,31.50000,17550012
2023-04-12 23:24:40 UTC,1643,15.60000,31.40000,17671379
2023-04-12 23:26:41 UTC,1644,15.60000,31.40000,17792719
2023-04-12 23:28:43 UTC,1645,15.60000,31.30000,17914068
2023-04-12 23:30:44 UTC,1646,15.60000,31.30000,18035412
2023-04-12 23:32:45 UTC,1647,15.50000,31.20000,18156756
2023-04-12 23:34:47 UTC,1648,15.50000,31.20000,18278099
2023-04-12 23:36:48 UTC,1649,15.50000,31.10000,18399450
2023-04-12 23:38:50 UTC,1650,15.40000,31.00000,18520772
2023-04-12 23:40:51 UTC,1651,15.40000,31.00000,18642103
2023-04-12 23:42:56 UTC,1652,15.40000,30.90000,18767471
2023-04-12 23:44:57 UTC,1653,15.40000,30.80000,18888755
2023-04-12 23:46:59 UTC,1654,15.30000,30.70000,19010072
2023-04-12 23:49:00 UTC,1655,15.30000,30.60000,19131332
2023-04-12 23:51:01 UTC,1656,15.30000,30.60000,19252684
2023-04-12 23:53:07 UTC,1657,15.30000,30.50000,19377993
2023-04-12 23:55:12 UTC,1658,15.30000,30.30000,19503333
2023-04-12 23:57:13 UTC,1659,15.20000,30.30000,19624647
2023-04-12 23:59:15 UTC,1660,15.20000,30.30000,19745997
